,id,name,nlc_id,lines,cartography,altmodeid,alt_id,altmodeid2,zone,geometry
0,940GZZLUACT,Acton Town,0500,"[ { ""name"": ""District"" }, { ""name"": ""Piccadilly"", ""nightopened"": 2016 } ]",{'labelX': 30},,1,,3,POINT (519484.9049966821 179592.10066709324)
1,940GZZLUACY,Archway,0508,"[ { ""name"": ""Northern"", ""nightopened"": 2016 } ]",{'labelX': -30},,8,,2/3,POINT (529382.4157030241 186814.39559057902)
2,940GZZLUADE,Aldgate East,0503,"[ { ""name"": ""District"" }, { ""name"": ""Hammersmith & City"" } ]",{'labelX': 30},,3,,1,POINT (533886.8526719126 181342.3600708876)
3,940GZZLUAGL,Angel,0507,"[ { ""name"": ""Northern"" }, { ""name"": ""Crossrail 2"", ""opened"": 2030 } ]","{'labelX': 1, 'labelY': -35}",,7,,1,POINT (531462.2532008558 183134.53626606293)
4,940GZZLUALD,Aldgate,0502,"[ { ""name"": ""Circle"" }, { ""name"": ""Metropolitan"" } ]","{'labelX': 25, 'labelY': 20}",,2,,1,POINT (533623.5641644194 181218.4970623855)
5,940GZZLUALP,Alperton,0505,"[ { ""name"": ""Piccadilly"" } ]",{'labelX': 30},,5,,4,POINT (518030.91608319135 183776.36970902764)
6,940GZZLUAMS,Amersham,0506,"[ { ""name"": ""Metropolitan"" } ]",{'labelX': -30},,6,,9,POINT (496318.6584179595 198187.13751624513)
7,940GZZLUASG,Arnos Grove,0509,"[ { ""name"": ""Piccadilly"", ""nightopened"": 2016 } ]",{'labelX': 30},,9,,4,POINT (529339.6287269488 192500.0897966636)
8,940GZZLUASL,Arsenal,0510,"[ { ""name"": ""Piccadilly"", ""nightopened"": 2016 } ]",{'labelX': 30},,10,,2,POINT (531250.8778294799 186022.59966632642)
9,940GZZLUBBB,Bromley-by-Bow,0530,"[ { ""name"": ""District"" }, { ""name"": ""Hammersmith & City"" } ]",{'labelX': 30},,36,,2/3,POINT (538041.0595055358 182520.66357835958)
10,940GZZLUBBN,Barbican,0501,"[ { ""name"": ""Hammersmith & City"" }, { ""name"": ""Circle"" }, { ""name"": ""Metropolitan"" } ]",{'labelX': 30},,14,,1,POINT (532074.0858346864 181858.85716199077)
11,940GZZLUBDS,Bounds Green,0527,"[ { ""name"": ""Piccadilly"", ""nightopened"": 2016 } ]",{'labelX': 30},,31,,3/4,POINT (529998.8488325537 191469.8643678244)
12,940GZZLUBEC,Becontree,0518,"[ { ""name"": ""District"" } ]","{'labelX': 25, 'labelY': 20}",,21,,5,POINT (547622.5600409404 184524.83489005)
13,940GZZLUBKE,Barkingside,0515,"[ { ""name"": ""Central"", ""nightopened"": 2016 } ]",{'labelX': 30},,16,,4,POINT (544795.7977077563 189487.8451771962)
14,940GZZLUBKF,Blackfriars,0521,"[ { ""name"": ""District"" }, { ""name"": ""Circle"" }, { ""name"": ""National Rail"" } ]","{'labelX': -25, 'labelY': -20}",,25,,1,POINT (531727.424144223 180910.57141668542)
15,940GZZLUBKG,Barking,0514,"[ { ""name"": ""District"" }, { ""name"": ""Hammersmith & City"" } ]",{'labelX': 30},,15,,4,POINT (544420.6838100068 184324.38713680964)
16,940GZZLUBKH,Buckhurst Hill,0531,"[ { ""name"": ""Central"", ""nightopened"": 2016 } ]",{'labelX': 30},,37,,5,POINT (541775.7960515816 193887.00001335307)
17,940GZZLUBLG,Bethnal Green,0520,"[ { ""name"": ""Central"", ""nightopened"": 2016 } ]",{'labelX': 30},,24,,2,POINT (534856.0703132264 182541.3994596951)
18,940GZZLUBLM,Balham,0512,"[ { ""name"": ""Northern"", ""nightopened"": 2016 } ]",{'labelX': 30},,12,,3,POINT (528461.0108231895 173192.47627582191)
19,940GZZLUBLR,Blackhorse Road,0522,"[ { ""name"": ""Victoria"", ""nightopened"": 2016 } ]","{'labelX': 1, 'labelY': -45}",,26,,3,POINT (535814.3376593278 189369.20234808055)
20,940GZZLUBMY,Bermondsey,0787,"[ { ""name"": ""Jubilee"", ""nightopened"": 2016 } ]","{'labelX': 1, 'labelY': 35}",,23,,2,POINT (534502.7607083861 179420.40026717965)
21,940GZZLUBND,Bond Street,0524,"[ { ""name"": ""Central"", ""nightopened"": 2016 }, { ""name"": ""Jubilee"", ""nightopened"": 2016 } ]","{'labelX': -25, 'labelY': -35, 'display_name': 'Bond Street'}",,28,,1,POINT (528574.5653942558 181062.2403703618)
22,940GZZLUBNK,Bank and Monument,0513,"[ { ""name"": ""Central"", ""nightopened"": 2016 }, { ""name"": ""Northern"" }, { ""name"": ""Waterloo & City"" } ]",{'labelX': 30},,13,,1,POINT (532821.1061560399 180978.9974220666)
23,940GZZLUBOR,Borough,0525,"[ { ""name"": ""Northern"" } ]",{'labelX': 30},,29,,1,POINT (532433.5125593581 179740.4130385862)
24,940GZZLUBOS,Boston Manor,0526,"[ { ""name"": ""Piccadilly"", ""nightopened"": 2016 } ]",{'labelX': 30},,30,,4,POINT (516391.9979929814 178753.16299242876)
25,940GZZLUBSC,Barons Court,0516,"[ { ""name"": ""District"" }, { ""name"": ""Piccadilly"", ""nightopened"": 2016 } ]","{'labelX': -1, 'labelY': 55, 'display_name': 'Barons\nCourt'}",,17,,2,POINT (524110.79125492484 178324.96926404897)
26,940GZZLUBST,Baker Street,0511,"[ { ""name"": ""Bakerloo"" }, { ""name"": ""Hammersmith & City"" }, { ""name"": ""Circle"" }, { ""name"": ""Jubilee"", ""nightopened"": 2016 }, { ""name"": ""Metropolitan"" } ]","{'labelX': 1, 'labelY': 35}",,11,,1,POINT (528063.3393097348 182010.53333981667)
27,940GZZLUBTK,Burnt Oak,0532,"[ { ""name"": ""Northern"", ""nightopened"": 2016 } ]",{'labelX': 30},,38,,4,POINT (520328.43610712665 190761.25153215136)
28,940GZZLUBTX,Brent Cross,0529,"[ { ""name"": ""Northern"", ""nightopened"": 2016 } ]",{'labelX': 30},,34,,3,POINT (523889.6553484171 187937.89941709652)
29,940GZZLUBWR,Bow Road,0528,"[ { ""name"": ""District"" }, { ""name"": ""Hammersmith & City"" } ]",{'labelX': 30},,33,,2,POINT (537115.0723258212 182733.28419179632)
30,940GZZLUBWT,Bayswater,0517,"[ { ""name"": ""District"" }, { ""name"": ""Circle"" } ]","{'labelX': -25, 'labelY': -20}",,18,,1,POINT (525848.8749261317 180823.79925051605)
31,940GZZLUBXN,Brixton,0778,"[ { ""name"": ""Victoria"", ""nightopened"": 2016 } ]","{'labelX': 25, 'labelY': 20}",,35,,2,POINT (531054.1492209797 175421.93072141818)
32,940GZZLUBZP,Belsize Park,0519,"[ { ""name"": ""Northern"", ""nightopened"": 2016 } ]",{'labelX': 30},,22,,2,POINT (527348.1719610952 185083.12477608462)
33,940GZZLUCAL,Chalfont & Latimer,0539,"[ { ""name"": ""Metropolitan"" } ]","{'labelX': -1, 'labelY': 50, 'display_name': 'Chalfont\n& Latimer'}",,46,,8,POINT (499626.8012169689 197565.38674765447)
34,940GZZLUCAR,Caledonian Road,0534,"[ { ""name"": ""Piccadilly"", ""nightopened"": 2016 } ]","{'labelX': 20, 'labelY': 20, 'display_name': 'Caledonian\nRoad'}",,39,,2,POINT (530566.1625749511 184953.28296987113)
35,940GZZLUCFM,Chalk Farm,0540,"[ { ""name"": ""Northern"", ""nightopened"": 2016 } ]",{'labelX': 30},,47,,2,POINT (528144.0912258549 184427.34900644317)
36,940GZZLUCGN,Covent Garden,0553,"[ { ""name"": ""Piccadilly"", ""nightopened"": 2016 } ]","{'labelX': 25, 'labelY': -20}",,60,,1,POINT (530262.708826035 181015.90892058844)
37,940GZZLUCGT,Canning Town,0884,"[ { ""name"": ""Jubilee"", ""nightopened"": 2016 } ]",{'labelX': 30},,43,,2/3,POINT (539439.020753582 181338.40907066403)
38,940GZZLUCHL,Chancery Lane,0541,"[ { ""name"": ""Central"", ""nightopened"": 2016 } ]",{'labelX': 30},,48,,1,POINT (531086.0383435467 181599.20772377617)
39,940GZZLUCHX,Charing Cross,0718,"[ { ""name"": ""Bakerloo"" }, { ""name"": ""Northern"", ""nightopened"": 2016 } ]","{'labelX': -1, 'labelY': 35}",,49,,1,POINT (530059.3405291982 180373.68813843862)
40,940GZZLUCKS,Cockfosters,0550,"[ { ""name"": ""Piccadilly"", ""nightopened"": 2016 } ]","{'labelX': 25, 'labelY': -20}",,57,,5,POINT (528127.3612817102 196378.38095584116)
41,940GZZLUCND,Colindale,0551,"[ { ""name"": ""Northern"", ""nightopened"": 2016 } ]",{'labelX': 30},,58,,4,POINT (521329.6069664533 189951.06754335336)
42,940GZZLUCPC,Clapham Common,0547,"[ { ""name"": ""Northern"", ""nightopened"": 2016 } ]",{'labelX': -30},,54,,2,POINT (529477.9414317829 175312.59350614593)
43,940GZZLUCPK,Canons Park,0537,"[ { ""name"": ""Jubilee"", ""nightopened"": 2016 } ]",{'labelX': 30},,45,,5,POINT (518183.29968291725 191257.26260848064)
44,940GZZLUCPN,Clapham North,0548,"[ { ""name"": ""Northern"", ""nightopened"": 2016 } ]",{'labelX': 30},,55,,2,POINT (530003.2357612093 175674.45977019484)
45,940GZZLUCPS,Clapham South,0549,"[ { ""name"": ""Northern"", ""nightopened"": 2016 } ]",{'labelX': 30},,56,,2/3,POINT (528809.5304105566 174269.33708665433)
46,940GZZLUCSD,Colliers Wood,0552,"[ { ""name"": ""Northern"", ""nightopened"": 2016 } ]",{'labelX': 30},,59,,3,POINT (526785.8177765852 170363.23894382006)
47,940GZZLUCSM,Chesham,0543,"[ { ""name"": ""Metropolitan"" } ]",{'labelX': 30},,50,,9,POINT (496082.4999743216 201651.83193563303)
48,940GZZLUCST,Cannon Street,0536,"[ { ""name"": ""District"" }, { ""name"": ""Circle"" } ]","{'labelX': -1, 'labelY': 40, 'display_name': 'Cannon\nStreet'}",,44,,1,POINT (532617.8708513875 180891.1318279546)
49,940GZZLUCTN,Camden Town,0535,"[ { ""name"": ""Northern"", ""nightopened"": 2016 } ]",{'labelX': 30},,40,,2,POINT (528915.6761057859 183861.41726586537)
50,940GZZLUCWL,Chigwell,0544,"[ { ""name"": ""Central"" } ]",{'labelX': 30},,51,,4,POINT (543736.0358692724 193038.68234393682)
51,940GZZLUCWP,Chiswick Park,0545,"[ { ""name"": ""District"" } ]","{'labelX': 1, 'labelY': 55, 'display_name': 'Chiswick\nPark'}",,52,,3,POINT (520324.7523692848 178714.6227006014)
52,940GZZLUCWR,Canada Water,0788,"[ { ""name"": ""Jubilee"", ""nightopened"": 2016 } ]","{'labelX': 20, 'labelY': 35}",,41,,2,POINT (535482.2867206828 179448.66561502634)
53,940GZZLUCXY,Croxley,0554,"[ { ""name"": ""Metropolitan"" } ]","{'labelX': -25, 'labelY': -20}",,62,,7,POINT (507916.2891353885 195410.99115904758)
54,940GZZLUCYD,Chorleywood,0546,"[ { ""name"": ""Metropolitan"" } ]",{'labelX': 30},,53,,7,POINT (502594.67443883675 196082.60633697838)
55,940GZZLUCYF,Canary Wharf,0852,"[ { ""name"": ""Jubilee"", ""nightopened"": 2016 } ]",{'labelX': 30},,42,,2,POINT (537586.6947649193 180311.85419390618)
56,940GZZLUDBN,Debden,0557,"[ { ""name"": ""Central"" } ]",{'labelX': 30},,68,,6,POINT (544259.8449328659 196110.39245562616)
57,940GZZLUDGE,Dagenham East,0555,"[ { ""name"": ""District"" } ]","{'labelX': 25, 'labelY': 20}",,66,,5,POINT (550270.7886562541 185029.53450413805)
58,940GZZLUDGY,Dagenham Heathway,0556,"[ { ""name"": ""District"" } ]","{'labelX': 25, 'labelY': 20}",,67,,5,POINT (549034.8955005702 184716.21020256222)
59,940GZZLUDOH,Dollis Hill,0558,"[ { ""name"": ""Jubilee"", ""nightopened"": 2016 } ]","{'labelX': 25, 'labelY': -20}",,71,,3,POINT (522176.48011387105 185156.80043246923)
60,940GZZLUEAC,Elephant & Castle,0570,"[ { ""name"": ""Bakerloo"" }, { ""name"": ""Northern"" }, { ""name"": ""National Rail"" } ]",{'labelX': 30},,84,,1/2,POINT (531954.7894316212 179092.53618107532)
61,940GZZLUEAE,Eastcote,0564,"[ { ""name"": ""Metropolitan"" }, { ""name"": ""Piccadilly"" } ]","{'labelX': -25, 'labelY': -20}",,80,,5,POINT (511173.4191758317 187632.91358706314)
62,940GZZLUEAN,East Acton,0563,"[ { ""name"": ""Central"", ""nightopened"": 2016 } ]",{'labelX': 30},,75,,2,POINT (521691.8527282366 181227.30740708637)
63,940GZZLUEBY,Ealing Broadway,0560,"[ { ""name"": ""Central"", ""nightopened"": 2016 }, { ""name"": ""District"" } ]","{'labelX': -1, 'labelY': -55, 'display_name': 'Ealing\nBroadway'}",,72,,3,POINT (517952.06193833845 180930.32080099208)
64,940GZZLUECM,Ealing Common,0561,"[ { ""name"": ""District"" }, { ""name"": ""Piccadilly"" } ]",{'labelX': 30},,73,,3,POINT (518892.42771158705 180386.35168490495)
65,940GZZLUECT,Earl's Court,0562,"[ { ""name"": ""District"" }, { ""name"": ""Piccadilly"", ""nightopened"": 2016 } ]",{'labelX': 30},,74,,1/2,POINT (525466.7699525921 178494.18714144808)
66,940GZZLUEFY,East Finchley,0565,"[ { ""name"": ""Northern"", ""nightopened"": 2016 } ]",{'labelX': 30},,76,,3,POINT (527208.460209953 189229.19802861154)
67,940GZZLUEGW,Edgware,0568,"[ { ""name"": ""Northern"", ""nightopened"": 2016 } ]",{'labelX': 30},,81,,5,POINT (519499.2396397315 191981.65318697266)
68,940GZZLUEHM,East Ham,0566,"[ { ""name"": ""District"" }, { ""name"": ""Hammersmith & City"" } ]",{'labelX': 30},,77,,3/4,POINT (542407.3424522543 184255.5891885634)
69,940GZZLUEMB,Embankment,0542,"[ { ""name"": ""Bakerloo"" }, { ""name"": ""District"" }, { ""name"": ""Circle"" }, { ""name"": ""Northern"", ""nightopened"": 2016 } ]","{'labelX': 25, 'labelY': 20}",,87,,1,POINT (530392.32772242 180346.45475389407)
70,940GZZLUEPG,Epping,0572,"[ { ""name"": ""Central"" } ]",{'labelX': 30},,88,,6,POINT (546243.9571496719 201607.95484564867)
71,940GZZLUEPK,Elm Park,0571,"[ { ""name"": ""District"" } ]",{'labelX': -30},,85,,6,POINT (552458.8912428473 185705.01605193916)
72,940GZZLUEPY,East Putney,0567,"[ { ""name"": ""District"" } ]",{'labelX': -30},,79,,2/3,POINT (524382.066726326 174861.01524953212)
73,940GZZLUERB,Edgware Road,0774,"[ { ""name"": ""Bakerloo"" } ]","{'labelX': -30, 'display_name': 'Edgware Road'}",,83,,1,POINT (527119.4948221477 181720.47978190513)
74,940GZZLUERC,Edgware Road,0569,"[ { ""name"": ""District"" }, { ""name"": ""Hammersmith & City"" }, { ""name"": ""Circle"" } ]","{'labelX': 25, 'labelY': 20}",,82,,1,POINT (527119.4948221477 181720.47978190513)
75,940GZZLUESQ,Euston Square,0575,"[ { ""name"": ""Hammersmith & City"" }, { ""name"": ""Circle"" }, { ""name"": ""Metropolitan"" } ]",{'labelX': 30},,91,,1,POINT (529440.2487320735 182399.6415323185)
76,940GZZLUEUS,Euston,0574,"[ { ""name"": ""Northern"", ""nightopened"": 2016 }, { ""name"": ""Victoria"", ""nightopened"": 2016 } ]",{'labelX': 30},,90,,1,POINT (529500.4001957492 182738.58533655482)
77,940GZZLUFBY,Fulham Broadway,0581,"[ { ""name"": ""District"" } ]",{'labelX': -30},,97,,2,POINT (525420.4882535227 177235.95504728024)
78,940GZZLUFCN,Farringdon,0577,"[ { ""name"": ""Hammersmith & City"" }, { ""name"": ""Circle"" }, { ""name"": ""Metropolitan"" } ]","{'labelX': -25, 'labelY': -20}",,93,,1,POINT (531646.0942182877 181790.83109857017)
79,940GZZLUFLP,Fairlop,0576,"[ { ""name"": ""Central"", ""nightopened"": 2016 } ]",{'labelX': 30},,92,,4,POINT (544938.5179408072 190638.1873626585)
80,940GZZLUFPK,Finsbury Park,0580,"[ { ""name"": ""Piccadilly"", ""nightopened"": 2016 }, { ""name"": ""Victoria"", ""nightopened"": 2016 }, { ""name"": ""National Rail"" } ]","{'labelX': 30, 'display_name': 'Finsbury\nPark'}",,96,,2,POINT (531353.3782590172 186783.54791950283)
81,940GZZLUFYC,Finchley Central,0578,"[ { ""name"": ""Northern"", ""nightopened"": 2016 } ]",{'labelX': 30},,94,,4,POINT (525321.0077542675 190641.74882288766)
82,940GZZLUFYR,Finchley Road,0579,"[ { ""name"": ""Jubilee"", ""nightopened"": 2016 }, { ""name"": ""Metropolitan"" } ]",{'labelX': 30},,95,,2,POINT (526234.447246395 184732.8653120895)
83,940GZZLUGBY,Gunnersbury,0591,"[ { ""name"": ""District"" }, { ""name"": ""London Overground"", ""opened"": 2007 } ]",{'labelX': -30},910GGNRSBRY,109,,3,POINT (519828.6784560993 178372.99353799655)
84,940GZZLUGDG,Goodge Street,0586,"[ { ""name"": ""Northern"", ""nightopened"": 2016 } ]",{'labelX': -30},,103,,1,POINT (529536.4597070391 181826.9079730081)
85,940GZZLUGFD,Greenford,0589,"[ { ""name"": ""Central"" }, { ""name"": ""National Rail"" } ]","{'labelX': -25, 'labelY': 20}",,107,,4,POINT (514881.14881801384 183885.81765838648)
86,940GZZLUGGH,Grange Hill,0587,"[ { ""name"": ""Central"" } ]",{'labelX': 30},,104,,4,POINT (544981.0065557065 192550.495905853)
87,940GZZLUGGN,Golders Green,0584,"[ { ""name"": ""Northern"", ""nightopened"": 2016 } ]","{'labelX': 25, 'labelY': -20}",,101,,3,POINT (525250.3577586045 187492.52800999006)
88,940GZZLUGHK,Goldhawk Road,0585,"[ { ""name"": ""Circle"", ""opened"": 2009 }, { ""name"": ""Hammersmith & City"" } ]","{'labelX': -30, 'display_name': 'Goldhawk\nRoad'}",,102,,2,POINT (523182.01399952325 179602.78097890696)
89,940GZZLUGPK,Green Park,0590,"[ { ""name"": ""Jubilee"", ""nightopened"": 2016 }, { ""name"": ""Piccadilly"", ""nightopened"": 2016 }, { ""name"": ""Victoria"", ""nightopened"": 2016 } ]",{'labelX': -30},,106,,1,POINT (528968.085643932 180259.31506057666)
90,940GZZLUGPS,Great Portland Street,0588,"[ { ""name"": ""Hammersmith & City"" }, { ""name"": ""Circle"" }, { ""name"": ""Metropolitan"" } ]","{'labelX': -30, 'display_name': 'Great Portland St'}",,105,,1,POINT (528863.6741602508 182179.4232697973)
91,940GZZLUGTH,Gants Hill,0582,"[ { ""name"": ""Central"", ""nightopened"": 2016 } ]",{'labelX': 30},,99,,4,POINT (543284.2884123337 188438.74108106876)
92,940GZZLUGTR,Gloucester Road,0583,"[ { ""name"": ""District"" }, { ""name"": ""Circle"" }, { ""name"": ""Piccadilly"", ""nightopened"": 2016 } ]","{'labelX': 1, 'labelY': -35}",,100,,1,POINT (526201.1478592665 178841.3518234713)
93,940GZZLUHAI,Highbury & Islington,0603,"[ { ""name"": ""Victoria"", ""nightopened"": 2016 } ]","{'labelX': 30, 'labelY': 20, 'display_name': 'Highbury &\nIslington'}",,124,,2,POINT (531541.7216167527 184768.3234566981)
94,940GZZLUHAW,Harrow & Wealdstone,0597,"[ { ""name"": ""Bakerloo"" }, { ""name"": ""London Overground"", ""opened"": 2007 }, { ""name"": ""National Rail"" } ]",{'labelX': 30},910GHROWDC,115,,5,POINT (515407.3006426541 189475.85455744498)
95,940GZZLUHBN,Holborn,0607,"[ { ""name"": ""Central"", ""nightopened"": 2016 }, { ""name"": ""Piccadilly"", ""nightopened"": 2016 } ]","{'labelX': 25, 'labelY': 20}",,127,,1,POINT (530528.559720361 181529.60028517002)
96,940GZZLUHBT,High Barnet,0602,"[ { ""name"": ""Northern"", ""nightopened"": 2016 } ]",{'labelX': 30},,122,,5,POINT (524984.0745331835 196224.86558628606)
97,940GZZLUHCH,Hornchurch,0610,"[ { ""name"": ""District"" } ]",{'labelX': -30},,130,,6,POINT (553905.4646987179 186234.22757019993)
98,940GZZLUHCL,Hendon Central,0601,"[ { ""name"": ""Northern"", ""nightopened"": 2016 } ]",{'labelX': 30},,120,,3/4,POINT (523003.02180941484 188632.0914799436)
99,940GZZLUHGD,Hillingdon,0606,"[ { ""name"": ""Metropolitan"" }, { ""name"": ""Piccadilly"" } ]","{'labelX': 1, 'labelY': 40}",,126,,6,POINT (507546.2923737053 185008.85463079117)
100,940GZZLUHGR,Hanger Lane,0595,"[ { ""name"": ""Central"" } ]","{'labelX': -25, 'labelY': 20}",,113,,3,POINT (518485.2444701355 182645.67699126637)
101,940GZZLUHGT,Highgate,0604,"[ { ""name"": ""Northern"", ""nightopened"": 2016 } ]",{'labelX': 30},,125,,3,POINT (528582.8838344584 188159.82611429697)
102,940GZZLUHLT,Hainault,0592,"[ { ""name"": ""Central"", ""nightopened"": 2016 } ]",{'labelX': 30},,110,,4,POINT (545077.1529180729 191505.8157470583)
103,940GZZLUHNX,Hatton Cross,0779,"[ { ""name"": ""Piccadilly"", ""nightopened"": 2016 } ]","{'labelX': 20, 'labelY': 35, 'display_name': 'Hatton\nCross'}",,117,,5/6,POINT (509632.25358748494 175373.39572359255)
104,940GZZLUHOH,Harrow-on-the-Hill,0598,"[ { ""name"": ""Metropolitan"" } ]","{'labelX': -1, 'labelY': 35}",,116,,5,POINT (515377.6582260665 188019.43053701718)
105,940GZZLUHPC,Hyde Park Corner,0614,"[ { ""name"": ""Piccadilly"", ""nightopened"": 2016 } ]","{'labelX': -25, 'labelY': -20}",,134,,1,POINT (528323.1601886255 179842.77840185614)
106,940GZZLUHPK,Holland Park,0608,"[ { ""name"": ""Central"", ""nightopened"": 2016 } ]","{'labelX': 25, 'labelY': 40, 'display_name': 'Holland\nPark'}",,128,,2,POINT (524627.1875986009 180231.06318973738)
107,940GZZLUHR4,Heathrow Terminal 4,0781,"[ { ""name"": ""Piccadilly"" }, { ""name"": ""Crossrail"", ""opened"": 2018 }, { ""name"": ""National Rail"" } ]","{'labelX': 30, 'labelY': 40, 'display_name': 'Heathrow\nTerminal 4'}",,118,,6,POINT (508101.0763537615 174443.75089838402)
108,940GZZLUHR5,Heathrow Terminal 5,0783,"[ { ""name"": ""Piccadilly"", ""opened"": 2008, ""nightopened"": 2016 }, { ""name"": ""Crossrail"", ""opened"": 2019 }, { ""name"": ""National Rail"" } ]",{'labelX': -30},,306,,6,POINT (504965.94122046826 175923.36128705548)
109,940GZZLUHRC,Heathrow Terminals 2 & 3,0780,"[ { ""name"": ""Piccadilly"", ""nightopened"": 2016 }, { ""name"": ""Crossrail"", ""opened"": 2018 }, { ""name"": ""National Rail"" } ]","{'labelX': -1, 'labelY': -50}",,119,,6,POINT (507403.9792025086 175969.43797283922)
110,940GZZLUHSC,Hammersmith,0773,"[ { ""name"": ""Circle"", ""opened"": 2009 }, { ""name"": ""Hammersmith & City"" } ]","{'labelX': 30, 'display_name': 'Hammersmith'}",,304,,2,POINT (523377.08389789803 178624.18457495334)
111,940GZZLUHSD,Hammersmith,0593,"[ { ""name"": ""District"" }, { ""name"": ""Piccadilly"", ""nightopened"": 2016 } ]","{'labelX': -25, 'labelY': 20}",,111,,2,POINT (523377.08389789803 178624.18457495334)
112,940GZZLUHSK,High Street Kensington,0605,"[ { ""name"": ""District"" }, { ""name"": ""Circle"" } ]",{'labelX': 30},,123,,1,POINT (525545.4905269353 179548.69511107414)
113,940GZZLUHSN,Harlesden,0596,"[ { ""name"": ""Bakerloo"" }, { ""name"": ""London Overground"", ""opened"": 2007 } ]",{'labelX': 30},910GHARLSDN,114,,3,POINT (520919.93648316036 183378.7076562523)
114,940GZZLUHTD,Hampstead,0594,"[ { ""name"": ""Northern"", ""nightopened"": 2016 } ]",{'labelX': -30},,112,,2/3,POINT (526395.8520867131 185740.2159493236)
115,940GZZLUHWC,Hounslow Central,0611,"[ { ""name"": ""Piccadilly"", ""nightopened"": 2016 } ]","{'labelX': -1, 'labelY': 50, 'display_name': 'Hounslow\nCentral'}",,131,,4,POINT (513559.4543479651 175969.65572776983)
116,940GZZLUHWE,Hounslow East,0612,"[ { ""name"": ""Piccadilly"", ""nightopened"": 2016 } ]",{'labelX': 30},,132,,4,POINT (514256.12169179454 176199.12252813816)
117,940GZZLUHWT,Hounslow West,0613,"[ { ""name"": ""Piccadilly"", ""nightopened"": 2016 } ]","{'labelX': -1, 'labelY': 45, 'display_name': 'Hounslow\nWest'}",,133,,5,POINT (512162.6123789472 176185.60855876037)
118,940GZZLUHWY,Holloway Road,0609,"[ { ""name"": ""Piccadilly"", ""nightopened"": 2016 } ]","{'labelX': -20, 'labelY': -20, 'display_name': 'Holloway\nRoad'}",,129,,2,POINT (530925.1833510422 185447.34693908645)
119,940GZZLUICK,Ickenham,0615,"[ { ""name"": ""Metropolitan"" }, { ""name"": ""Piccadilly"" } ]",{'labelX': -30},,135,,6,POINT (508091.24314072763 185937.9699133644)
120,940GZZLUKBN,Kilburn,0622,"[ { ""name"": ""Jubilee"", ""nightopened"": 2016 } ]","{'labelX': -25, 'labelY': 20}",,143,,2,POINT (524543.4691066165 184651.84987636382)
121,940GZZLUKBY,Kingsbury,0624,"[ { ""name"": ""Jubilee"", ""nightopened"": 2016 } ]",{'labelX': 30},,146,,4,POINT (519359.9688603217 188721.22027255088)
122,940GZZLUKEN,Kenton,0620,"[ { ""name"": ""Bakerloo"" }, { ""name"": ""London Overground"", ""opened"": 2007 } ]",{'labelX': 30},910GKTON,141,,4,POINT (516735.69458146667 188305.6220407065)
123,940GZZLUKNB,Knightsbridge,0626,"[ { ""name"": ""Piccadilly"", ""nightopened"": 2016 } ]","{'labelX': 25, 'labelY': 20}",,147,,1,POINT (527769.3556993835 179678.04517422256)
124,940GZZLUKNG,Kennington,0616,"[ { ""name"": ""Northern"", ""nightopened"": 2016 } ]",{'labelX': 30},,137,,2,POINT (531626.074640682 178353.44682774914)
125,940GZZLUKOY,Kensington,0618,"[ { ""name"": ""District"" }, { ""name"": ""London Overground"", ""opened"": 2007 }, { ""name"": ""National Rail"" } ]","{'labelX': 30, 'display_name': 'Kensington\n(Olympia)'}",910GKENOLYM,139,,2,POINT (524379.5327465492 179140.9051674449)
126,940GZZLUKPK,Kilburn Park,0623,"[ { ""name"": ""Bakerloo"" } ]",{'labelX': 30},,144,,2,POINT (525349.3051880816 183350.85539055656)
127,940GZZLUKSH,Kentish Town,0619,"[ { ""name"": ""Northern"", ""nightopened"": 2016 } ]","{'labelX': 30, 'display_name': 'Kentish\nTown'}",,140,,2,POINT (529009.5030708548 185129.00243056705)
128,940GZZLUKSL,Kensal Green,0617,"[ { ""name"": ""Bakerloo"" }, { ""name"": ""London Overground"", ""opened"": 2007 } ]","{'labelX': 25, 'labelY': 20}",910GKENSLG,138,,2,POINT (523249.0147372222 182789.66249438317)
129,940GZZLUKSX,King's Cross St. Pancras,0625,"[ { ""name"": ""Hammersmith & City"" }, { ""name"": ""Circle"" }, { ""name"": ""Metropolitan"" }, { ""name"": ""Northern"" }, { ""name"": ""Piccadilly"", ""nightopened"": 2016 }, { ""name"": ""Victoria"", ""nightopened"": 2016 } ]","{'labelX': 25, 'labelY': 40, 'display_name': ""King's Cross\nSt. Pancras""}",,145,,1,POINT (530299.5672470356 182969.18209262053)
130,940GZZLUKWG,Kew Gardens,0621,"[ { ""name"": ""District"" }, { ""name"": ""London Overground"", ""opened"": 2007 } ]",{'labelX': -30},910GKEWGRDN,142,,3/4,POINT (519197.7956052223 176740.69416510238)
131,940GZZLULAD,Ladbroke Grove,0627,"[ { ""name"": ""Circle"", ""opened"": 2009 }, { ""name"": ""Hammersmith & City"" } ]","{'labelX': 30, 'display_name': 'Ladbroke\nGrove'}",,148,,2,POINT (524232.22014480835 181333.1607544612)
132,940GZZLULBN,Lambeth North,0628,"[ { ""name"": ""Bakerloo"" } ]","{'labelX': -1, 'labelY': 45, 'display_name': 'Lambeth\nNorth'}",,149,,1,POINT (531129.6575184558 179461.0063659179)
133,940GZZLULGN,Loughton,0636,"[ { ""name"": ""Central"", ""nightopened"": 2016 } ]",{'labelX': -30},,159,,6,POINT (542312.9827845523 195617.60250462737)
134,940GZZLULGT,Lancaster Gate,0629,"[ { ""name"": ""Central"", ""nightopened"": 2016 } ]","{'labelX': 25, 'labelY': 20}",,150,,1,POINT (526730.8301189523 180794.33928680635)
135,940GZZLULNB,London Bridge,0635,"[ { ""name"": ""Jubilee"", ""nightopened"": 2016 }, { ""name"": ""Northern"" }, { ""name"": ""National Rail"" } ]",{'labelX': 30},,158,,1,POINT (532684.118017741 180183.89658802736)
136,940GZZLULRD,Latimer Road,0630,"[ { ""name"": ""Circle"", ""opened"": 2009 }, { ""name"": ""Hammersmith & City"" } ]","{'labelX': 30, 'display_name': 'Latimer\nRoad'}",,151,,2,POINT (523759.3056289685 180890.84789377474)
137,940GZZLULSQ,Leicester Square,0631,"[ { ""name"": ""Northern"", ""nightopened"": 2016 }, { ""name"": ""Piccadilly"", ""nightopened"": 2016 } ]",{'labelX': 30},,152,,1,POINT (529970.0219149096 180803.9696909659)
138,940GZZLULVT,Liverpool Street,0634,"[ { ""name"": ""Central"", ""nightopened"": 2016 }, { ""name"": ""Hammersmith & City"" }, { ""name"": ""Circle"" }, { ""name"": ""Metropolitan"" } ]","{'labelX': 1, 'labelY': 45}",,157,,1,POINT (533127.7645573226 181621.3298358134)
139,940GZZLULYN,Leyton,0632,"[ { ""name"": ""Central"", ""nightopened"": 2016 } ]",{'labelX': 30},,154,,3,POINT (538372.8974112028 186079.08811245725)
140,940GZZLULYS,Leytonstone,0633,"[ { ""name"": ""Central"", ""nightopened"": 2016 } ]",{'labelX': 30},,155,,3/4,POINT (539293.6844125035 187434.16551840503)
141,940GZZLUMBA,Marble Arch,0640,"[ { ""name"": ""Central"", ""nightopened"": 2016 } ]","{'labelX': -1, 'labelY': -45}",,163,,1,POINT (527927.2306660253 181009.9734395764)
142,940GZZLUMDN,Morden,0647,"[ { ""name"": ""Northern"", ""nightopened"": 2016 } ]",{'labelX': -30},,170,,4,POINT (525671.787970666 168580.97781360708)
143,940GZZLUMED,Mile End,0642,"[ { ""name"": ""Central"", ""nightopened"": 2016 }, { ""name"": ""District"" }, { ""name"": ""Hammersmith & City"" } ]",{'labelX': 30},,165,,2,POINT (536522.8389029178 182548.5941149945)
144,940GZZLUMGT,Moorgate,0645,"[ { ""name"": ""Hammersmith & City"" }, { ""name"": ""Circle"" }, { ""name"": ""Metropolitan"" }, { ""name"": ""Northern"" }, { ""name"": ""National Rail"" } ]","{'labelX': 25, 'labelY': -20}",,169,,1,POINT (532739.3974293096 181643.04185224586)
145,940GZZLUMHL,Mill Hill East,0643,"[ { ""name"": ""Northern"" } ]",{'labelX': 30},,166,,4,POINT (524039.5301488787 191452.1932923023)
146,940GZZLUMMT,Bank and Monument,0644,"[ { ""name"": ""District"" }, { ""name"": ""Circle"" } ]",{'labelX': 30},,,,1,POINT (532821.1061560399 180978.9974220666)
147,940GZZLUMPK,Moor Park,0646,"[ { ""name"": ""Metropolitan"" } ]",{'labelX': 30},,168,,6/7,POINT (508610.3385518464 193492.67327807652)
148,940GZZLUMRH,Manor House,0638,"[ { ""name"": ""Piccadilly"", ""nightopened"": 2016 } ]","{'labelX': 30, 'display_name': 'Manor\nHouse'}",,161,,2/3,POINT (532040.0412932044 187452.60417260823)
149,940GZZLUMSH,Mansion House,0639,"[ { ""name"": ""District"" }, { ""name"": ""Circle"" } ]","{'labelX': -25, 'labelY': 20, 'display_name': 'Mansion\nHouse'}",,162,,1,POINT (532378.3007973342 180942.66180895834)
150,940GZZLUMTC,Mornington Crescent,0648,"[ { ""name"": ""Northern"", ""nightopened"": 2016 } ]","{'labelX': 30, 'display_name': 'Mornington\nCrescent'}",,171,,2,POINT (529207.2313657163 183358.9055875144)
151,940GZZLUMVL,Maida Vale,0637,"[ { ""name"": ""Bakerloo"" } ]",{'labelX': 30},,160,,2,POINT (525943.8104150986 182770.03102564567)
152,940GZZLUMYB,Marylebone,0641,"[ { ""name"": ""Bakerloo"" }, { ""name"": ""National Rail"" } ]",{'labelX': -30},,164,,1,POINT (527529.13225737 181972.0813650465)
153,940GZZLUNAN,North Acton,0653,"[ { ""name"": ""Central"", ""nightopened"": 2016 } ]",{'labelX': 30},,177,,2/3,POINT (520831.6447646859 181956.23485728918)
154,940GZZLUNBP,Newbury Park,0650,"[ { ""name"": ""Central"", ""nightopened"": 2016 } ]",{'labelX': 30},,176,,4,POINT (544922.4703491172 188372.7896656667)
155,940GZZLUNDN,Neasden,0649,"[ { ""name"": ""Jubilee"", ""nightopened"": 2016 } ]","{'labelX': 25, 'labelY': -20}",,173,,3,POINT (521426.75357920176 185371.19515501912)
156,940GZZLUNEN,North Ealing,0654,"[ { ""name"": ""Piccadilly"" } ]","{'labelX': -1, 'labelY': -50, 'display_name': 'North\nEaling'}",,178,,3,POINT (518847.58238194603 181251.8356054196)
157,940GZZLUNFD,Northfields,0655,"[ { ""name"": ""Piccadilly"", ""nightopened"": 2016 } ]","{'labelX': -25, 'labelY': -20}",,182,,3,POINT (517185.3175132264 179200.33765863528)
158,940GZZLUNGW,North Greenwich,0789,"[ { ""name"": ""Jubilee"", ""nightopened"": 2016 } ]","{'labelX': -1, 'labelY': -45, 'display_name': 'North Greenwich'}",,179,,2/3,POINT (539189.2108512281 179809.60035511624)
159,940GZZLUNHA,North Harrow,0656,"[ { ""name"": ""Metropolitan"" } ]",{'labelX': 30},,180,,5,POINT (513527.68266860803 188618.76740719855)
160,940GZZLUNHG,Notting Hill Gate,0663,"[ { ""name"": ""Central"", ""nightopened"": 2016 }, { ""name"": ""District"" }, { ""name"": ""Circle"" } ]","{'labelX': 25, 'labelY': 40, 'display_name': 'Notting Hill\nGate'}",,187,,1/2,POINT (525284.4693677047 180461.21547897236)
161,940GZZLUNHT,Northolt,0657,"[ { ""name"": ""Central"" } ]","{'labelX': -25, 'labelY': 20}",,183,,5,POINT (513183.84620711236 184537.88584416197)
162,940GZZLUNKP,Northwick Park,0660,"[ { ""name"": ""Metropolitan"" } ]",{'labelX': 30},,184,,4,POINT (516663.3094894786 187965.4511786016)
163,940GZZLUNOW,Northwood,0661,"[ { ""name"": ""Metropolitan"" } ]",{'labelX': 30},,185,,6,POINT (509244.52774833265 191393.6277557083)
164,940GZZLUNWH,Northwood Hills,0662,"[ { ""name"": ""Metropolitan"" } ]",{'labelX': 30},,186,,6,POINT (510292.1955039321 190256.9173089629)
165,940GZZLUNWY,North Wembley,0659,"[ { ""name"": ""Bakerloo"" }, { ""name"": ""London Overground"", ""opened"": 2007 } ]",{'labelX': 30},910GNWEMBLY,181,,4,POINT (517668.06124863017 186199.24048707454)
166,940GZZLUOAK,Oakwood,0664,"[ { ""name"": ""Piccadilly"", ""nightopened"": 2016 } ]",{'labelX': 30},,188,,5,POINT (529375.2236970796 195939.62069824385)
167,940GZZLUODS,Old Street,0665,"[ { ""name"": ""Northern"" }, { ""name"": ""National Rail"" } ]","{'labelX': 25, 'labelY': -20}",,189,,1,POINT (532769.4916245361 182479.38030575187)
168,940GZZLUOSY,Osterley,0667,"[ { ""name"": ""Piccadilly"", ""nightopened"": 2016 } ]",{'labelX': 30},,190,,4,POINT (514515.31339969876 177083.43967186875)
169,940GZZLUOVL,Oval,0668,"[ { ""name"": ""Northern"", ""nightopened"": 2016 } ]",{'labelX': 30},,191,,2,POINT (531172.945788199 177564.04000947892)
170,940GZZLUOXC,Oxford Circus,0669,"[ { ""name"": ""Bakerloo"" }, { ""name"": ""Central"", ""nightopened"": 2016 }, { ""name"": ""Victoria"", ""nightopened"": 2016 } ]","{'labelX': 25, 'labelY': 20}",,192,,1,POINT (529015.4430721067 181234.2241558549)
171,940GZZLUPAC,Paddington,0670,"[ { ""name"": ""Bakerloo"" }, { ""name"": ""District"" }, { ""name"": ""Circle"" } ]","{'labelX': 30, 'display_name': 'Paddington'}",,,,1,POINT (526613.276241579 181324.67537508765)
172,940GZZLUPAH,Paddington,3087,"[ { ""name"": ""Hammersmith & City"" }, { ""name"": ""Circle"", ""opened"": 2009 } ]","{'labelX': 1, 'labelY': -30, 'display_name': 'Paddington'}",,193,,1,POINT (526613.276241579 181324.67537508765)
173,940GZZLUPCC,Piccadilly Circus,0674,"[ { ""name"": ""Bakerloo"" }, { ""name"": ""Piccadilly"", ""nightopened"": 2016 } ]",{'labelX': -30},,197,,1,POINT (529629.9696376707 180654.64128605847)
174,940GZZLUPCO,Pimlico,0776,"[ { ""name"": ""Victoria"", ""nightopened"": 2016 } ]",{'labelX': 30},,198,,1,POINT (529723.5711402855 178312.661081368)
175,940GZZLUPKR,Park Royal,0671,"[ { ""name"": ""Piccadilly"" } ]",{'labelX': -30},,194,,3,POINT (519142.34582229203 182241.02437987755)
176,940GZZLUPLW,Plaistow,0676,"[ { ""name"": ""District"" }, { ""name"": ""Hammersmith & City"" } ]",{'labelX': 30},,200,,3,POINT (539974.5301421758 183288.1226986755)
177,940GZZLUPNR,Pinner,0675,"[ { ""name"": ""Metropolitan"" } ]",{'labelX': 30},,199,,5,POINT (512260.8061859908 189448.83964316407)
178,940GZZLUPRD,Preston Road,0677,"[ { ""name"": ""Metropolitan"" } ]",{'labelX': 30},,202,,4,POINT (518248.1206411089 187288.48990193766)
179,940GZZLUPSG,Parsons Green,0672,"[ { ""name"": ""District"" } ]",{'labelX': -30},,195,,2,POINT (525030.6522039139 176683.1692333247)
180,940GZZLUPVL,Perivale,0673,"[ { ""name"": ""Central"" } ]","{'labelX': -25, 'labelY': 20}",,196,,4,POINT (516367.65635744407 183313.49461914232)
181,940GZZLUPYB,Putney Bridge,0678,"[ { ""name"": ""District"" } ]",{'labelX': -30},,205,,2,POINT (524512.74912682 175896.30775428622)
182,940GZZLUQBY,Queensbury,0679,"[ { ""name"": ""Jubilee"", ""nightopened"": 2016 } ]",{'labelX': 30},,207,,4,POINT (518811.3613368616 189760.5073770439)
183,940GZZLUQPS,Queen's Park,0680,"[ { ""name"": ""Bakerloo"" }, { ""name"": ""London Overground"", ""opened"": 2007 } ]","{'labelX': 1, 'labelY': 45, 'display_name': ""Queen's\nPark""}",910GQPRK,206,,2,POINT (524563.8048707286 183202.26327526523)
184,940GZZLUQWY,Queensway,0681,"[ { ""name"": ""Central"", ""nightopened"": 2016 } ]","{'labelX': 25, 'labelY': 20}",,208,,1,POINT (525896.0483197575 180621.04946608737)
185,940GZZLURBG,Redbridge,0684,"[ { ""name"": ""Central"", ""nightopened"": 2016 } ]","{'labelX': 25, 'labelY': 20}",,211,,4,POINT (541834.186675984 188370.56537904363)
186,940GZZLURGP,Regent's Park,0685,"[ { ""name"": ""Bakerloo"" } ]","{'labelX': 25, 'labelY': 20}",,212,,1,POINT (528685.8859076175 182131.5749058643)
187,940GZZLURKW,Rickmansworth,0687,"[ { ""name"": ""Metropolitan"" } ]","{'labelX': -25, 'labelY': 20}",,214,,7,POINT (505724.38861677784 194589.49449832644)
188,940GZZLURMD,Richmond,0686,"[ { ""name"": ""District"" }, { ""name"": ""London Overground"", ""opened"": 2007 } ]",{'labelX': -30},910GRICHMND,213,,4,POINT (518110.27721838746 175185.89138877986)
189,940GZZLURSG,Ruislip Gardens,0692,"[ { ""name"": ""Central"" } ]","{'labelX': -25, 'labelY': 20}",,221,,5,POINT (510274.96303267614 185847.9360315691)
190,940GZZLURSM,Ruislip Manor,0693,"[ { ""name"": ""Metropolitan"" }, { ""name"": ""Piccadilly"" } ]","{'labelX': -25, 'labelY': -20}",,222,,6,POINT (510120.308109728 187242.73415717977)
191,940GZZLURSP,Ruislip,0691,"[ { ""name"": ""Metropolitan"" }, { ""name"": ""Piccadilly"" } ]","{'labelX': 25, 'labelY': 20}",,220,,6,POINT (509484.64691226784 187013.7248693385)
192,940GZZLURSQ,Russell Square,0694,"[ { ""name"": ""Piccadilly"", ""nightopened"": 2016 } ]",{'labelX': 30},,223,,1,POINT (530233.4538160941 182137.41710646055)
193,940GZZLURVP,Ravenscourt Park,0682,"[ { ""name"": ""District"" } ]","{'labelX': 1, 'labelY': -45}",,209,,2,POINT (522569.78804714704 178716.7466993929)
194,940GZZLURVY,Roding Valley,0688,"[ { ""name"": ""Central"" } ]",{'labelX': 30},,215,,4,POINT (541601.3994449577 192898.30456136167)
195,940GZZLURYL,Rayners Lane,0683,"[ { ""name"": ""Metropolitan"" }, { ""name"": ""Piccadilly"" } ]","{'labelX': -25, 'labelY': 20}",,210,,5,POINT (512964.2279389012 187514.5352632515)
196,940GZZLURYO,Royal Oak,0690,"[ { ""name"": ""Circle"", ""opened"": 2009 }, { ""name"": ""Hammersmith & City"" } ]",{'labelX': 30},,218,,2,POINT (525819.7888684466 181571.91612367757)
197,940GZZLUSBC,Shepherd's Bush,0700,"[ { ""name"": ""Central"", ""nightopened"": 2016 } ]","{'labelX': 25, 'labelY': 40, 'display_name': ""Shepherd's\nBush""}",,226,,2,POINT (523793.6784481174 179934.0122807272)
198,910GSHPDSB,Shepherd's Bush,9587,"[ { ""name"": ""London Overground"", ""opened"": 2007 }, { ""name"": ""National Rail"" } ]","{'labelX': 25, 'labelY': 40, 'display_name': ""Shepherd's\nBush""}",,SPB,,2,POINT (523793.6784481174 179934.0122807272)
199,940GZZLUSBM,Shepherd's Bush Market,0775,"[ { ""name"": ""Circle"", ""opened"": 2009 }, { ""name"": ""Hammersmith & City"" } ]",{'labelX': -30},,227,,2,POINT (523191.8299465804 180031.38610219822)
200,940GZZLUSDH,Shoreditch,0701,"[ { ""name"": ""London Overground"", ""closed"": 2005 } ]",{'labelX': 30},,228,,2,POINT (533921.6638208355 182172.62539563066)
201,940GZZLUSEA,South Ealing,0704,"[ { ""name"": ""Piccadilly"", ""nightopened"": 2016 } ]",{'labelX': 30},,231,,3,POINT (517602.36260065803 179368.57824698894)
202,940GZZLUSFB,Stamford Brook,0713,"[ { ""name"": ""District"" } ]","{'labelX': -1, 'labelY': 55, 'display_name': 'Stamford\nBrook'}",,245,,2,POINT (521870.8527932471 178791.35819618596)
203,940GZZLUSFS,Southfields,0705,"[ { ""name"": ""District"" } ]",{'labelX': -30},,239,,3,POINT (524721.5626849068 173362.26279759553)
204,940GZZLUSGN,Stepney Green,0715,"[ { ""name"": ""District"" }, { ""name"": ""Hammersmith & City"" } ]",{'labelX': 30},,247,,2,POINT (535612.2252974329 182118.94489591854)
205,940GZZLUSGP,Stonebridge Park,0717,"[ { ""name"": ""Bakerloo"" }, { ""name"": ""London Overground"", ""opened"": 2007 } ]",{'labelX': 30},910GSTNBGPK,249,,3,POINT (519669.47405172285 184184.84245997242)
206,940GZZLUSGT,Southgate,0706,"[ { ""name"": ""Piccadilly"", ""nightopened"": 2016 } ]",{'labelX': 30},,240,,4,POINT (529672.3051250046 194273.2515577927)
207,940GZZLUSHH,South Harrow,0707,"[ { ""name"": ""Piccadilly"" } ]",{'labelX': 30},,232,,5,POINT (514312.15198161534 186373.5600998471)
208,940GZZLUSJP,St. James's Park,0695,"[ { ""name"": ""District"" }, { ""name"": ""Circle"" } ]","{'labelX': 25, 'labelY': 20}",,242,,1,POINT (529652.8023187044 179503.87536318792)
209,940GZZLUSJW,St. John's Wood,0696,"[ { ""name"": ""Jubilee"", ""nightopened"": 2016 } ]",{'labelX': 30},,243,,2,POINT (526742.9394995566 183349.44880081038)
210,940GZZLUSKS,South Kensington,0708,"[ { ""name"": ""District"" }, { ""name"": ""Circle"" }, { ""name"": ""Piccadilly"", ""nightopened"": 2016 } ]","{'labelX': 1, 'labelY': 50, 'display_name': 'South\nKensington'}",,233,,1,POINT (526936.099773122 178814.99207851716)
211,940GZZLUSKT,South Kenton,0709,"[ { ""name"": ""Bakerloo"" }, { ""name"": ""London Overground"", ""opened"": 2007 } ]",{'labelX': -30},910GSKENTON,234,,4,POINT (517334.23234710074 187064.7506183401)
212,940GZZLUSKW,Stockwell,0716,"[ { ""name"": ""Northern"", ""nightopened"": 2016 }, { ""name"": ""Victoria"", ""nightopened"": 2016 } ]",{'labelX': 30},,248,,2,POINT (530496.8577275898 176472.92990826)
213,940GZZLUSNB,Snaresbrook,0703,"[ { ""name"": ""Central"", ""nightopened"": 2016 } ]",{'labelX': 30},,230,,4,POINT (540164.9361679577 188810.15584754577)
214,940GZZLUSPU,St. Paul's,0697,"[ { ""name"": ""Central"", ""nightopened"": 2016 } ]",{'labelX': -30},,244,,1,POINT (532110.9162499555 181271.13368536776)
215,940GZZLUSRP,South Ruislip,0710,"[ { ""name"": ""Central"" }, { ""name"": ""National Rail"" } ]","{'labelX': -25, 'labelY': 20}",,236,,5,POINT (511067.68775256537 185452.86773188855)
216,940GZZLUSSQ,Sloane Square,0702,"[ { ""name"": ""District"" }, { ""name"": ""Circle"" } ]","{'labelX': 1, 'labelY': 50, 'display_name': 'Sloane\nSquare'}",,229,,1,POINT (528077.4375318707 178655.6980947181)
217,940GZZLUSTD,Stratford,0719,"[ { ""name"": ""Central"", ""nightopened"": 2016 }, { ""name"": ""Jubilee"", ""nightopened"": 2016 } ]",{'labelX': 30},,250,,2/3,POINT (538524.7855297637 184373.34100822936)
218,940GZZLUSTM,Stanmore,0714,"[ { ""name"": ""Jubilee"", ""nightopened"": 2016 } ]",{'labelX': 30},,246,,5,POINT (517580.4596464033 192537.9994809868)
219,940GZZLUSUH,Sudbury Hill,0720,"[ { ""name"": ""Piccadilly"" } ]",{'labelX': 30},,251,,4,POINT (515407.7929346491 185544.52578027517)
220,940GZZLUSUT,Sudbury Town,0721,"[ { ""name"": ""Piccadilly"" } ]",{'labelX': -30},,252,,4,POINT (516870.8412475529 184894.80518957705)
221,940GZZLUSVS,Seven Sisters,0698,"[ { ""name"": ""Victoria"", ""nightopened"": 2016 } ]",{'labelX': 30},,224,,3,POINT (533554.9105144802 188928.82315681523)
222,940GZZLUSWC,Swiss Cottage,0723,"[ { ""name"": ""Jubilee"", ""nightopened"": 2016 } ]","{'labelX': 30, 'display_name': 'Swiss\nCottage'}",,254,,2,POINT (526676.9591458273 184294.18653819727)
223,940GZZLUSWF,South Woodford,0712,"[ { ""name"": ""Central"", ""nightopened"": 2016 } ]",{'labelX': 30},,238,,4,POINT (540537.5760690768 190067.0763610612)
224,940GZZLUSWK,Southwark,0784,"[ { ""name"": ""Jubilee"", ""nightopened"": 2016 } ]","{'labelX': 25, 'labelY': -20}",,241,,1,POINT (531610.1677530061 180051.36329176574)
225,940GZZLUSWN,South Wimbledon,0711,"[ { ""name"": ""Northern"", ""nightopened"": 2016 } ]","{'labelX': 25, 'labelY': 20}",,237,,3/4,POINT (525816.7130460088 170029.182311628)
226,940GZZLUTAW,Totteridge & Whetstone,0730,"[ { ""name"": ""Northern"", ""nightopened"": 2016 } ]",{'labelX': 30},,261,,4,POINT (526124.6119335978 193964.5767120762)
227,940GZZLUTBC,Tooting Bec,0726,"[ { ""name"": ""Northern"", ""nightopened"": 2016 } ]",{'labelX': 30},,257,,3,POINT (528019.1423851007 172339.45258975006)
228,940GZZLUTBY,Tooting Broadway,0727,"[ { ""name"": ""Northern"", ""nightopened"": 2016 }, { ""name"": ""Crossrail 2"", ""opened"": 2030 } ]",{'labelX': 30},,258,,3,POINT (527447.7673624855 171451.3222636811)
229,940GZZLUTCR,Tottenham Court Road,0728,"[ { ""name"": ""Central"", ""nightopened"": 2016 }, { ""name"": ""Northern"", ""nightopened"": 2016 } ]","{'labelX': 1, 'labelY': -50, 'display_name': 'Tottenham Court Rd'}",,259,,1,POINT (529781.482196094 181328.93924161003)
230,940GZZLUTFP,Tufnell Park,0733,"[ { ""name"": ""Northern"", ""nightopened"": 2016 } ]","{'labelX': 30, 'display_name': 'Tufnell\nPark'}",,264,,2,POINT (529151.0771717577 185855.63926526206)
231,940GZZLUTHB,Theydon Bois,0725,"[ { ""name"": ""Central"" } ]",{'labelX': 30},,256,,6,POINT (545533.7018269303 199090.09927182493)
232,940GZZLUTMH,Tottenham Hale,0729,"[ { ""name"": ""Victoria"", ""nightopened"": 2016 }, { ""name"": ""National Rail"" }, { ""name"": ""Crossrail 2"", ""opened"": 2030 } ]","{'labelX': 25, 'labelY': -20}",,260,,3,POINT (534503.7382975069 189513.65887346945)
233,940GZZLUTMP,Temple,0724,"[ { ""name"": ""District"" }, { ""name"": ""Circle"" } ]","{'labelX': 1, 'labelY': 35}",,255,,1,POINT (530993.2547760829 180812.33266326907)
234,940GZZLUTNG,Turnham Green,0734,"[ { ""name"": ""District"" }, { ""name"": ""Piccadilly"", ""nightopened"": 2016 } ]","{'labelX': 1, 'labelY': -55, 'display_name': 'Turnham\nGreen'}",,265,,2/3,POINT (521266.7153359796 178799.76095696585)
235,940GZZLUTPN,Turnpike Lane,0735,"[ { ""name"": ""Piccadilly"", ""nightopened"": 2016 } ]",{'labelX': 30},,266,,3,POINT (531521.1551138991 189648.83811839635)
236,940GZZLUTWH,Tower Hill,0731,"[ { ""name"": ""District"" }, { ""name"": ""Circle"" } ]","{'labelX': 1, 'labelY': 35}",,263,,1,POINT (533494.9145187354 180738.12736569927)
237,940GZZLUUPB,Upminster Bridge,0737,"[ { ""name"": ""District"" } ]",{'labelX': -30},,268,,6,POINT (555010.4383468148 186749.70919509273)
238,940GZZLUUPK,Upton Park,0739,"[ { ""name"": ""District"" }, { ""name"": ""Hammersmith & City"" } ]",{'labelX': 30},,270,,3,POINT (541199.4821921758 183774.61901508155)
239,940GZZLUUPM,Upminster,0736,"[ { ""name"": ""District"" } ]",{'labelX': 30},,267,,6,POINT (556276.9801129274 186891.24588104227)
240,910GUPMNSTR,Upminster,7464,"[ { ""name"": ""London Overground"", ""opened"": 2015 }, { ""name"": ""National Rail"" } ]",{'labelX': 30},,UPM,,6,POINT (556276.9801129274 186891.24588104227)
241,940GZZLUUPY,Upney,0738,"[ { ""name"": ""District"" } ]","{'labelX': 25, 'labelY': 20}",,269,,4,POINT (545719.3400353997 184240.92537833896)
242,940GZZLUUXB,Uxbridge,0740,"[ { ""name"": ""Metropolitan"" }, { ""name"": ""Piccadilly"" } ]",{'labelX': -30},,271,,6,POINT (505607.22735128173 184156.93759421876)
243,940GZZLUVIC,Victoria,0741,"[ { ""name"": ""District"" }, { ""name"": ""Circle"" }, { ""name"": ""Victoria"", ""nightopened"": 2016 }, { ""name"": ""National Rail"" }, { ""name"": ""Crossrail 2"", ""opened"": 2030 } ]",{'labelX': 30},,273,,1,POINT (528989.160705909 179124.96302728733)
244,940GZZLUVXL,Vauxhall,0777,"[ { ""name"": ""Victoria"", ""nightopened"": 2016 }, { ""name"": ""National Rail"" } ]",{'labelX': 30},,272,,1/2,POINT (530420.2721309647 177894.386111815)
245,940GZZLUWAF,Watford,0748,"[ { ""name"": ""Metropolitan"" } ]",{'labelX': 30},,280,,7,POINT (509572.45438266045 196584.02027799905)
246,940GZZLUWBN,West Brompton,0755,"[ { ""name"": ""District"" }, { ""name"": ""London Overground"", ""opened"": 2007 }, { ""name"": ""National Rail"" } ]",{'labelX': 30},910GWBRMPTN,284,,2,POINT (525387.3623311985 177996.87550411874)
247,940GZZLUWCY,White City,0764,"[ { ""name"": ""Central"", ""nightopened"": 2016 } ]",{'labelX': -30},,295,,2,POINT (523313.5094514195 180732.60128608812)
248,940GZZLUWFN,West Finchley,0756,"[ { ""name"": ""Northern"", ""nightopened"": 2016 } ]",{'labelX': 30},,285,,4,POINT (525549.0148256244 191627.18588218454)
249,940GZZLUWHM,West Ham,0757,"[ { ""name"": ""District"" }, { ""name"": ""Hammersmith & City"" }, { ""name"": ""Jubilee"", ""nightopened"": 2016 }, { ""name"": ""National Rail"" } ]",{'labelX': 30},,286,,2/3,POINT (539160.2577659411 182933.29006798888)
250,940GZZLUWHP,West Hampstead,0758,"[ { ""name"": ""Jubilee"", ""nightopened"": 2016 } ]","{'labelX': 1, 'labelY': 35}",,287,,2,POINT (525505.0892877429 184681.498460268)
251,940GZZLUWHW,West Harrow,0759,"[ { ""name"": ""Metropolitan"" } ]",{'labelX': -30},,288,,5,POINT (514167.47550737206 188009.0754350645)
252,940GZZLUWIG,Willesden Green,0765,"[ { ""name"": ""Jubilee"", ""nightopened"": 2016 } ]","{'labelX': -25, 'labelY': 20}",,297,,2/3,POINT (523388.43642506225 184880.09006378416)
253,940GZZLUWIM,Wimbledon,0767,"[ { ""name"": ""District"" }, { ""name"": ""Crossrail 2"", ""opened"": 2030 }, { ""name"": ""National Rail"" } ]",{'labelX': -30},,299,,3,POINT (524858.9484940099 170700.21908841046)
254,940GZZLUWIP,Wimbledon Park,0768,"[ { ""name"": ""District"" } ]",{'labelX': -30},,300,,3,POINT (525243.3504907718 172143.7008685975)
255,940GZZLUWJN,Willesden Junction,0766,"[ { ""name"": ""Bakerloo"" }, { ""name"": ""London Overground"", ""opened"": 2007 } ]","{'labelX': -25, 'labelY': 20}",910GWLSDJHL,298,910GWLSDNJL,2/3,POINT (521955.55811896874 182944.89651542722)
256,940GZZLUWKA,Warwick Avenue,0746,"[ { ""name"": ""Bakerloo"" } ]",{'labelX': -30},,278,,2,POINT (526084.1651672786 182050.00467485207)
257,940GZZLUWKN,West Kensington,0760,"[ { ""name"": ""District"" } ]","{'labelX': 25, 'labelY': 20}",,290,,2,POINT (524648.9367641918 178386.7274783207)
258,940GZZLUWLA,Wood Lane,0599,"[ { ""name"": ""Circle"", ""opened"": 2009 }, { ""name"": ""Hammersmith & City"", ""opened"": 2008 } ]",{'labelX': 30},,305,,2,POINT (523365.67707452876 180511.54910828295)
259,940GZZLUWLO,Waterloo,0747,"[ { ""name"": ""Bakerloo"" }, { ""name"": ""Jubilee"", ""nightopened"": 2016 }, { ""name"": ""Northern"", ""nightopened"": 2016 }, { ""name"": ""Waterloo & City"" }, { ""name"": ""National Rail"" } ]",{'labelX': 30},,279,,1,POINT (530974.0910233686 179921.09873829235)
260,940GZZLUWOF,Woodford,0769,"[ { ""name"": ""Central"", ""nightopened"": 2016 } ]",{'labelX': 30},,302,,4,POINT (540940.071871775 191716.78057918017)
261,940GZZLUWOG,Wood Green,0770,"[ { ""name"": ""Piccadilly"", ""nightopened"": 2016 }, { ""name"": ""Crossrail 2"", ""opened"": 2030 } ]",{'labelX': 30},,301,,3,POINT (531022.2583187231 190422.73585335916)
262,940GZZLUWOP,Woodside Park,0771,"[ { ""name"": ""Northern"", ""nightopened"": 2016 } ]",{'labelX': 30},,303,,4,POINT (525711.7406919176 192555.3464970205)
263,940GZZLUWPL,Whitechapel,0763,"[ { ""name"": ""District"" }, { ""name"": ""Hammersmith & City"" }, { ""name"": ""London Overground"", ""closed"": 2007 } ]","{'labelX': 1, 'labelY': 30}",,,,2,POINT (534617.3426706117 181907.24700468776)
264,940GZZLUWRP,West Ruislip,0762,"[ { ""name"": ""Central"" }, { ""name"": ""National Rail"" } ]",{'labelX': -30},,291,,6,POINT (508377.6376621129 186796.2682991274)
265,940GZZLUWRR,Warren Street,0745,"[ { ""name"": ""Northern"", ""nightopened"": 2016 }, { ""name"": ""Victoria"", ""nightopened"": 2016 } ]","{'labelX': -25, 'labelY': -20}",,277,,1,POINT (529265.1940102909 182280.51328083867)
266,940GZZLUWSD,Wanstead,0743,"[ { ""name"": ""Central"", ""nightopened"": 2016 } ]","{'labelX': 25, 'labelY': 20}",,275,,4,POINT (540672.9782558607 188260.6559732015)
267,940GZZLUWSM,Westminster,0761,"[ { ""name"": ""District"" }, { ""name"": ""Circle"" }, { ""name"": ""Jubilee"", ""nightopened"": 2016 } ]",{'labelX': 30},,294,,1,POINT (530175.2573717856 179658.0476432155)
268,940GZZLUWSP,Westbourne Park,0754,"[ { ""name"": ""Circle"", ""opened"": 2009 }, { ""name"": ""Hammersmith & City"" } ]",{'labelX': -30},,292,,2,POINT (524876.6795981402 181758.50377397175)
269,940GZZLUWTA,West Acton,0753,"[ { ""name"": ""Central"", ""nightopened"": 2016 } ]","{'labelX': 25, 'labelY': -20}",,283,,3,POINT (519396.49661771354 181320.53600355418)
270,940GZZLUWWL,Walthamstow Central,0742,"[ { ""name"": ""Victoria"", ""nightopened"": 2016 } ]","{'labelX': 1, 'labelY': -45}",,274,,3,POINT (537276.8707071007 189029.94132441707)
271,940GZZLUWYC,Wembley Central,0751,"[ { ""name"": ""Bakerloo"" }, { ""name"": ""London Overground"", ""opened"": 2007 }, { ""name"": ""National Rail"" } ]",{'labelX': 30},910GWMBYDC,281,910GWMBY,4,POINT (518250.5528506565 184987.6442356283)
272,940GZZLUWYP,Wembley Park,0752,"[ { ""name"": ""Jubilee"", ""nightopened"": 2016 }, { ""name"": ""Metropolitan"" } ]",{'labelX': 30},,282,,4,POINT (519316.5590174915 186389.32981656643)
273,940GZZLU960,Cassiobridge,,"[ { ""name"": ""Metropolitan"", ""opened"": 9999 } ]","{'labelX': 25, 'labelY': -20}",,,,M,POINT (509104.7483369012 195823.3629272966)
274,940GZZLU961,Watford Vicarage Road,,"[ { ""name"": ""Metropolitan"", ""opened"": 9999 } ]","{'labelX': -1, 'labelY': 50, 'display_name': 'Watford\n'}",,,,M,POINT (510200.6432734766 195420.48766743107)
275,940GZZLU990,Nine Elms,,"[ { ""name"": ""Northern"", ""opened"": 2020 } ]","{'labelX': -1, 'labelY': 35}",,,,2,POINT (530049.4897786335 177348.74188185384)
276,940GZZLU991,Battersea Power Station,,"[ { ""name"": ""Northern"", ""opened"": 2020 } ]","{'labelX': -25, 'labelY': -20}",,,,2,POINT (529053.2584893099 177243.07639336732)
277,940GZZDLABR,Abbey Road,0750,"[ { ""name"": ""DLR"", ""opened"": 2011 } ]","{'labelX': 25, 'labelY': -20}",,,,2/3,POINT (539066.2631559198 183400.73944767134)
278,940GZZDLALL,All Saints,0850,"[ { ""name"": ""DLR"" } ]","{'labelX': 25, 'labelY': -20}",,0,,2,POINT (537980.3004188507 180958.7454252281)
279,940GZZDLBEC,Beckton,0895,"[ { ""name"": ""DLR"" } ]",{'labelX': -30},,,,3,POINT (543112.5163163064 181497.1516696618)
280,940GZZDLBLA,Blackwall,0882,"[ { ""name"": ""DLR"" } ]",{'labelX': 30},,,,2,POINT (538394.2773700315 180661.63376245968)
281,940GZZDLBNK,Bank and Monument,DBNK,"[ { ""name"": ""DLR"" } ]","{'labelX': 30, 'display_name': 'Bank'}",,,,1,POINT (532821.1061560399 180978.9974220666)
282,940GZZDLBOW,Bow Church,0851,"[ { ""name"": ""DLR"" } ]","{'labelX': -25, 'labelY': -20}",,,,2,POINT (537385.1539591898 182835.919079875)
283,940GZZDLBPK,Beckton Park,0891,"[ { ""name"": ""DLR"" } ]","{'labelX': 1, 'labelY': -35}",,,,3,POINT (542708.215166959 180867.8288164296)
284,940GZZDLCAN,Canary Wharf,0842,"[ { ""name"": ""DLR"" } ]",{'labelX': -30},,,,2,POINT (537586.6947649193 180311.85419390618)
285,940GZZDLCGT,Canning Town,DCGT,"[ { ""name"": ""DLR"" } ]","{'labelX': 25, 'labelY': -20, 'display_name': 'Canning Town'}",,,,2/3,POINT (539439.020753582 181338.40907066403)
286,940GZZDLCLA,Crossharbour,0854,"[ { ""name"": ""DLR"" } ]",{'labelX': 30},,,,2,POINT (537928.2660642221 179301.47821678082)
287,940GZZDLCUS,Custom House,0887,"[ { ""name"": ""DLR"" } ]","{'labelX': 1, 'labelY': -45, 'display_name': 'Custom\nHouse'}",,,,3,POINT (540731.359622468 180932.2466757825)
288,940GZZDLCUT,Cutty Sark,0879,"[ { ""name"": ""DLR"" } ]",{'labelX': 30},,,,2/3,POINT (538230.9657843916 177741.15701149922)
289,940GZZDLCYP,Cyprus,0893,"[ { ""name"": ""DLR"" } ]","{'labelX': 1, 'labelY': 35}",,,,3,POINT (543333.3462218025 180852.76927372022)
290,940GZZDLDEP,Deptford Bridge,0897,"[ { ""name"": ""DLR"" } ]",{'labelX': 30},,,,2/3,POINT (537443.3801019762 176870.5763896088)
291,940GZZDLDEV,Devons Road,0867,"[ { ""name"": ""DLR"" } ]","{'labelX': 25, 'labelY': 20}",,,,2,POINT (537637.494615928 182257.99957269832)
292,940GZZDLEIN,East India,0883,"[ { ""name"": ""DLR"" } ]",{'labelX': 30},,,,2/3,POINT (538734.5945607553 180831.22828111716)
293,940GZZDLELV,Elverson Road,0898,"[ { ""name"": ""DLR"" } ]",{'labelX': 30},,,,2/3,POINT (537847.9015990377 176323.51321091718)
294,940GZZDLGAL,Gallions Reach,0894,"[ { ""name"": ""DLR"" } ]",{'labelX': 30},,,,3,POINT (543872.9279493873 180927.2110731249)
295,940GZZDLGRE,Greenwich,0928,"[ { ""name"": ""DLR"" }, { ""name"": ""National Rail"" } ]",{'labelX': 30},,,,2/3,POINT (537911.1627911511 177320.8192626977)
296,940GZZDLHEQ,Heron Quays,0855,"[ { ""name"": ""DLR"" } ]",{'labelX': -30},,,,2,POINT (537422.2079835003 180114.07444568665)
297,940GZZDLISL,Island Gardens,0856,"[ { ""name"": ""DLR"" } ]",{'labelX': 30},,,,2,POINT (538241.9517119717 178428.5974390246)
298,940GZZDLKGV,King George V,0523,"[ { ""name"": ""DLR"", ""opened"": 2005 } ]","{'labelX': 25, 'labelY': 20}",,,,3,POINT (543227.827426884 180128.55700271658)
299,940GZZDLLCA,London City Airport,0533,"[ { ""name"": ""DLR"", ""opened"": 2005 } ]",{'labelX': 30},,,,3,POINT (542240.6951481053 180292.6960576959)
300,940GZZDLLDP,Langdon Park,0853,"[ { ""name"": ""DLR"", ""opened"": 2007 } ]","{'labelX': 25, 'labelY': -20}",,,,2,POINT (537894.6742890882 181448.74055237568)
301,940GZZDLLEW,Lewisham,0940,"[ { ""name"": ""DLR"" }, { ""name"": ""National Rail"" } ]",{'labelX': 30},,,,2/3,POINT (538130.3558078413 175843.57378199737)
302,940GZZDLLIM,Limehouse,0862,"[ { ""name"": ""DLR"" }, { ""name"": ""National Rail"" } ]",{'labelX': 30},,,,2,POINT (536128.5094717577 181093.11109229206)
303,940GZZDLMUD,Mudchute,0857,"[ { ""name"": ""DLR"" } ]",{'labelX': 30},,,,2,POINT (537907.0474524297 178840.33440973214)
304,940GZZDLPDK,Pontoon Dock,0538,"[ { ""name"": ""DLR"", ""opened"": 2005 } ]","{'labelX': 25, 'labelY': 20}",,,,3,POINT (541182.8431758683 180100.59172039537)
305,940GZZDLPOP,Poplar,0858,"[ { ""name"": ""DLR"" } ]",{'labelX': 30},,,,2,POINT (537683.1879591951 180630.60272701597)
306,940GZZDLPRE,Prince Regent,0888,"[ { ""name"": ""DLR"" } ]","{'labelX': 1, 'labelY': -45, 'display_name': 'Prince\nRegent'}",,,,3,POINT (541224.1382540353 180911.03900376853)
307,940GZZDLPUD,Pudding Mill Lane,0859,"[ { ""name"": ""DLR"" } ]",{'labelX': -30},,,,2/3,POINT (537879.6694558227 183529.8252706189)
308,940GZZDLRAL,Royal Albert,0890,"[ { ""name"": ""DLR"" } ]","{'labelX': 1, 'labelY': 35}",,,,3,POINT (542062.7979420986 180807.2452926329)
309,940GZZDLRVC,Royal Victoria,0886,"[ { ""name"": ""DLR"" } ]","{'labelX': 1, 'labelY': -40, 'display_name': 'Royal\nVictoria'}",,,,3,POINT (540136.1833414697 180845.50886839704)
310,940GZZDLSHA,Shadwell,0860,"[ { ""name"": ""DLR"" } ]","{'labelX': 15, 'labelY': 30}",,225,,2,POINT (534961.9932026706 180967.72058215356)
311,940GZZDLSHS,Stratford High Street,0749,"[ { ""name"": ""DLR"", ""opened"": 2011 } ]",{'labelX': 30},,,,2/3,POINT (538781.8547368495 183983.3370872303)
312,940GZZDLSIT,Stratford International,0504,"[ { ""name"": ""DLR"", ""opened"": 2011 }, { ""name"": ""National Rail"" } ]","{'labelX': -25, 'labelY': -20, 'display_name': 'Stratford\nInternational'}",,,,2/3,POINT (538166.377663803 184863.9829268657)
313,940GZZDLSOQ,South Quay,0861,"[ { ""name"": ""DLR"" } ]",{'labelX': 30},,,,2,POINT (537795.9304106212 179762.36444891966)
314,940GZZDLSTD,Stratford,0863,"[ { ""name"": ""DLR"" } ]","{'labelX': 30, 'display_name': 'Stratford'}",,,,2/3,POINT (538524.7855297637 184373.34100822936)
315,940GZZDLSTL,Star Lane,0889,"[ { ""name"": ""DLR"", ""opened"": 2011 } ]",{'labelX': 30},,,,2/3,POINT (539147.0183136715 182085.97974296834)
316,940GZZDLTWG,Tower Gateway,0864,"[ { ""name"": ""DLR"" } ]","{'labelX': 25, 'labelY': 20}",,,,1,POINT (533724.0582524291 180834.65495131648)
317,940GZZDLWFE,Westferry,0865,"[ { ""name"": ""DLR"" } ]",{'labelX': -30},,,,2,POINT (537035.9301887489 180792.4758065004)
318,940GZZDLWHM,West Ham,DWHM,"[ { ""name"": ""DLR"", ""opened"": 2011 } ]",{'labelX': 30},,,,2/3,POINT (539160.2577659411 182933.29006798888)
319,940GZZDLWIQ,West India Quay,0866,"[ { ""name"": ""DLR"" } ]",{'labelX': -30},,,,2,POINT (537482.9496762903 180521.06577296794)
320,940GZZDLWLA,Woolwich Arsenal,0573,"[ { ""name"": ""DLR"", ""opened"": 2009 }, { ""name"": ""National Rail"" } ]","{'labelX': -25, 'labelY': 20}",,,,4,POINT (543766.010770782 178846.73759054852)
321,940GZZDLWSV,West Silvertown,0559,"[ { ""name"": ""DLR"", ""opened"": 2005 } ]","{'labelX': 1, 'labelY': 45, 'display_name': 'West\nSilvertown'}",,,,3,POINT (540446.4829944537 180159.6853739915)
322,940GZZCRADD,Addiscombe,9440,"[ { ""name"": ""Tramlink"" } ]",{'labelX': 30},,,,T,POINT (534185.8856505752 166304.17077051313)
323,940GZZCRADV,Addington Village,9441,"[ { ""name"": ""Tramlink"" } ]",{'labelX': 30},,,,T,POINT (537093.9205164007 163740.86464791582)
324,940GZZCRAMP,Ampere Way,9442,"[ { ""name"": ""Tramlink"" } ]",{'labelX': 30},,,,T,POINT (530670.3281275235 166482.5680506617)
325,940GZZCRARA,Arena,9443,"[ { ""name"": ""Tramlink"" } ]",{'labelX': 30},,,,T,POINT (535196.3223690296 167629.32071429188)
326,940GZZCRAVE,Avenue Road,9444,"[ { ""name"": ""Tramlink"" } ]",{'labelX': 30},,,,T,POINT (535794.3784227447 169363.30419079843)
327,940GZZCRBED,Beddington Lane,9449,"[ { ""name"": ""Tramlink"" } ]",{'labelX': 30},,,,T,POINT (529317.1500073137 167237.39786384557)
328,940GZZCRBEK,Beckenham Junction,9445,"[ { ""name"": ""Tramlink"" } ]",{'labelX': 30},,,,4/T,POINT (537371.889845933 169814.32277939044)
329,940GZZCRBGV,Belgrave Walk,9450,"[ { ""name"": ""Tramlink"" } ]",{'labelX': 30},,,,T,POINT (526814.6668602948 168456.85743861448)
330,940GZZCRBIR,Birkbeck,9454,"[ { ""name"": ""Tramlink"" } ]",{'labelX': 30},,,,4/T,POINT (535331.045633025 168984.0932266339)
331,940GZZCRBLA,Blackhorse Lane,9459,"[ { ""name"": ""Tramlink"" } ]",{'labelX': 30},,,,T,POINT (534366.7604743122 166852.3620531055)
332,940GZZCRBRD,Beckenham Road,9446,"[ { ""name"": ""Tramlink"" } ]",{'labelX': 30},,,,T,POINT (536193.0254822995 169662.324867021)
333,940GZZCRCEN,George Street,9473,"[ { ""name"": ""Tramlink"" } ]","{'labelX': 1, 'labelY': 45, 'display_name': 'George\nStreet'}",,,,T,POINT (532432.6559381331 165590.15493954165)
334,940GZZCRCHR,Church Street,9460,"[ { ""name"": ""Tramlink"" } ]","{'labelX': 1, 'labelY': 45, 'display_name': 'Church\nStreet'}",,,,T,POINT (532063.4241321194 165542.69377491408)
335,940GZZCRCOO,Coombe Lane,9464,"[ { ""name"": ""Tramlink"" } ]","{'labelX': -25, 'labelY': 20}",,,,T,POINT (535162.3847561522 164087.2412773085)
336,940GZZCRCTR,Centrale,9488,"[ { ""name"": ""Tramlink"", ""opened"": 2005 } ]","{'labelX': -25, 'labelY': -20}",,,,T,POINT (532074.5990636209 165797.30217843602)
337,940GZZCRDDR,Dundonald Road,9468,"[ { ""name"": ""Tramlink"" } ]",{'labelX': -30},,,,T,POINT (524734.4153905717 170245.0431127901)
338,940GZZCRECR,East Croydon,9470,"[ { ""name"": ""Tramlink"" } ]","{'labelX': 1, 'labelY': 45, 'display_name': 'East\nCroydon'}",,,,5/T,POINT (532847.4897189995 165698.50632718363)
339,940GZZCRELM,Elmers End,9471,"[ { ""name"": ""Tramlink"" } ]",{'labelX': 30},,,,4/T,POINT (535772.161000436 168383.91150359914)
340,940GZZCRFLD,Fieldway,9472,"[ { ""name"": ""Tramlink"" } ]",{'labelX': 30},,,,T,POINT (537686.138901481 163173.93530340458)
341,940GZZCRGRA,Gravel Hill,9474,"[ { ""name"": ""Tramlink"" } ]","{'labelX': -25, 'labelY': 20}",,,,T,POINT (536377.1567479295 163534.93804772897)
342,940GZZCRHAR,Harrington Road,9475,"[ { ""name"": ""Tramlink"" } ]","{'labelX': 25, 'labelY': -20}",,,,T,POINT (535017.5969761403 168521.2264100727)
343,940GZZCRKGH,King Henry's Drive,9476,"[ { ""name"": ""Tramlink"" } ]",{'labelX': 30},,,,T,POINT (537968.6659342767 162573.68599111435)
344,940GZZCRLEB,Lebanon Road,9477,"[ { ""name"": ""Tramlink"" } ]","{'labelX': 25, 'labelY': -20}",,,,T,POINT (533418.080267278 165751.29249607172)
345,940GZZCRLOY,Lloyd Park,9478,"[ { ""name"": ""Tramlink"" } ]","{'labelX': -25, 'labelY': 20}",,,,T,POINT (533714.8513049732 164536.93660315714)
346,940GZZCRMCH,Mitcham,9480,"[ { ""name"": ""Tramlink"" } ]",{'labelX': 30},,,,T,POINT (527326.3111237264 168089.0393555698)
347,940GZZCRMDN,Morden Road,9482,"[ { ""name"": ""Tramlink"" } ]",{'labelX': 30},,,,T,POINT (525780.5809881762 169310.76450726582)
348,940GZZCRMJT,Mitcham Junction,9481,"[ { ""name"": ""Tramlink"" } ]",{'labelX': 30},,,,4/T,POINT (528302.8058565314 167566.68240927433)
349,940GZZCRMTP,Merton Park,9479,"[ { ""name"": ""Tramlink"" } ]",{'labelX': -30},,,,T,POINT (525177.9218373088 169838.60344288056)
350,940GZZCRNWA,New Addington,9484,"[ { ""name"": ""Tramlink"" } ]",{'labelX': 30},,,,T,POINT (538190.3850364493 162244.53180286137)
351,940GZZCRPHI,Phipps Bridge,9485,"[ { ""name"": ""Tramlink"" } ]",{'labelX': 30},,,,T,POINT (526547.3787346456 168712.33115128078)
352,940GZZCRRVC,Reeves Corner,9486,"[ { ""name"": ""Tramlink"" } ]",{'labelX': -30},,,,T,POINT (531900.2316193212 165682.6890760577)
353,940GZZCRSAN,Sandilands,9487,"[ { ""name"": ""Tramlink"" } ]",{'labelX': 30},,,,T,POINT (533890.1135243466 165739.45438898803)
354,940GZZCRTPA,Therapia Lane,9491,"[ { ""name"": ""Tramlink"" } ]",{'labelX': 30},,,,T,POINT (530284.7888930468 166844.18098333885)
355,940GZZCRWAD,Waddon Marsh,9497,"[ { ""name"": ""Tramlink"" } ]",{'labelX': -30},,,,T,POINT (531093.4142537138 165897.42767224717)
356,940GZZCRWAN,Wandle Park,9498,"[ { ""name"": ""Tramlink"" } ]","{'labelX': -25, 'labelY': 20}",,,,T,POINT (531414.2243374567 165513.7973272857)
357,940GZZCRWCR,West Croydon,8776,"[ { ""name"": ""Tramlink"" } ]",{'labelX': 30},,,,T,POINT (532192.0297938809 166118.38890373264)
358,940GZZCRWEL,Wellesley Road,9499,"[ { ""name"": ""Tramlink"" } ]","{'labelX': 25, 'labelY': -20}",,,,T,POINT (532503.8764734382 165780.39175655402)
359,940GZZCRWMB,Wimbledon,8777,"[ { ""name"": ""Tramlink"" } ]",{'labelX': 30},,,,T,POINT (524858.9484940099 170700.21908841046)
360,940GZZCRWOD,Woodside,8779,"[ { ""name"": ""Tramlink"" } ]",{'labelX': 30},,,,T,POINT (534694.6933975883 167096.20061401912)
361,940GZZALGWP,Emirates Greenwich Peninsula,AGWP,"[ { ""name"": ""Emirates Air Line"", ""opened"": 2012 } ]","{'labelX': 1, 'labelY': 55, 'display_name': 'Emirates\nGreenwich\nPeninsula'}",,,,C,POINT (539490.7400520619 179772.56752688932)
362,940GZZALRDK,Emirates Royal Docks,ARDK,"[ { ""name"": ""Emirates Air Line"", ""opened"": 2012 } ]","{'labelX': 25, 'labelY': 20}",,,,C,POINT (540151.2894615249 180689.92383312073)
363,910GABWD,Abbey Wood,5131,"[ { ""name"": ""Crossrail"", ""opened"": 2018 }, { ""name"": ""National Rail"" } ]",{'labelX': 30},,,,4,POINT (547305.2672732042 179036.63757562434)
364,910GACTNCTL,Acton Central,1404,"[ { ""name"": ""London Overground"", ""opened"": 2007 } ]",{'labelX': 30},,,,3,POINT (520654.5958427385 180294.61719370022)
365,910GACTONML,Acton Main Line,3000,"[ { ""name"": ""Crossrail"", ""opened"": 2018 } ]","{'labelX': 1, 'labelY': 45}",,,,3,POINT (520332.5181888479 181221.47645502246)
366,910GANERLEY,Anerley,5397,"[ { ""name"": ""London Overground"", ""opened"": 2010 }, { ""name"": ""National Rail"" } ]",{'labelX': 30},,,,4,POINT (534610.7816864196 169912.70593087166)
367,910GANGELRD,Angel Road,6909,"[ { ""name"": ""National Rail"", ""opened"": 2030 }, { ""name"": ""Crossrail 2"", ""opened"": 2030 } ]",{'labelX': 30},,AGR,,4,POINT (535180.6111738528 192229.16871625953)
368,910GBARKING,Barking,7492,"[ { ""name"": ""London Overground"", ""opened"": 2007 }, { ""name"": ""National Rail"" } ]","{'labelX': 30, 'display_name': 'Barking'}",,,,4,POINT (544420.6838100068 184324.38713680964)
369,910GBATRSPK,Battersea Park,5420,"[ { ""name"": ""London Overground"", ""opened"": 2012 }, { ""name"": ""National Rail"" } ]",{'labelX': -30},,,,2,POINT (528748.1639735023 177080.47227988497)
370,910GBHILLPK,Bush Hill Park,6913,"[ { ""name"": ""London Overground"", ""opened"": 2015 } ]",{'labelX': -30},,,,5,POINT (533713.8322457541 195365.7397888868)
371,910GBLCHSRD,Blackhorse Road,7400,"[ { ""name"": ""London Overground"", ""opened"": 2007 } ]","{'labelX': 1, 'labelY': -45, 'display_name': 'Blackhorse Road'}",,BHO,,3,POINT (535814.3376593278 189369.20234808055)
372,910GBNHAM,Burnham,3176,"[ { ""name"": ""Crossrail"", ""opened"": 2019 }, { ""name"": ""National Rail"" } ]","{'labelX': -1, 'labelY': 40}",,,,X,POINT (494009.6766335965 181366.44636042183)
373,910GBONDST,Bond Street,,"[ { ""name"": ""Crossrail"", ""opened"": 2018 } ]","{'labelX': -1, 'labelY': 45, 'display_name': 'Bond Street'}",,,,1,POINT (528574.5653942558 181062.2403703618)
374,910GBRBY,Brondesbury,1437,"[ { ""name"": ""London Overground"", ""opened"": 2007 } ]",{'labelX': 30},,,,2,POINT (524754.0873304128 184445.3928815305)
375,910GBRBYPK,Brondesbury Park,1438,"[ { ""name"": ""London Overground"", ""opened"": 2007 } ]",{'labelX': -30},,,,2,POINT (524223.5915122775 183939.8396826691)
376,910GBRIMSDN,Brimsdown,6810,"[ { ""name"": ""National Rail"", ""opened"": 2030 }, { ""name"": ""Crossrail 2"", ""opened"": 2030 } ]",{'labelX': 30},,BMD,,5,POINT (536312.1186648023 197032.51006749272)
377,910GBRLANDS,Berrylands,5581,"[ { ""name"": ""National Rail"", ""opened"": 2030 }, { ""name"": ""Crossrail 2"", ""opened"": 2030 } ]","{'labelX': 30, 'labelY': 20}",,BRS,,5,POINT (519685.06275334343 168064.81127091817)
378,910GBROCKLY,Brockley,5404,"[ { ""name"": ""London Overground"", ""opened"": 2010 }, { ""name"": ""National Rail"" } ]",{'labelX': 30},,,,2,POINT (536424.7411976389 175789.13086145598)
379,910GBROXBRN,Broxbourne,6812,"[ { ""name"": ""National Rail"", ""opened"": 2030 }, { ""name"": ""Crossrail 2"", ""opened"": 2030 } ]",{'labelX': 30},,BXB,,11,POINT (537426.2121391464 207227.2455331164)
380,910GBRTWOOD,Brentwood,6872,"[ { ""name"": ""TfL Rail"", ""opened"": 2015, ""closed"": 2017 }, { ""name"": ""Crossrail"", ""opened"": 2018 } ]","{'labelX': 1, 'labelY': 35}",,BRE,,9,POINT (559332.4072255066 193027.96205269953)
381,910GBRUCGRV,Bruce Grove,6958,"[ { ""name"": ""London Overground"", ""opened"": 2015 } ]",{'labelX': 30},,,,3,POINT (533780.8987780251 190082.1707477976)
382,910GBTHNLGR,Bethnal Green,6961,"[ { ""name"": ""London Overground"", ""opened"": 2015 } ]","{'labelX': 30, 'display_name': 'Bethnal Green'}",,,,2,POINT (534856.0703132264 182541.3994596951)
383,910GBUSHEY,Bushey,1395,"[ { ""name"": ""London Overground"", ""opened"": 2007 }, { ""name"": ""National Rail"" } ]",{'labelX': 30},,BSH,,8,POINT (511826.5690473069 195340.15431371785)
384,910GCAMHTH,Cambridge Heath,6962,"[ { ""name"": ""London Overground"", ""opened"": 2015 } ]","{'labelX': 30, 'display_name': 'Cambridge\nHeath'}",,,,2,POINT (534826.876705217 183290.99677941785)
385,910GCNDAW,Canada Water,5150,"[ { ""name"": ""London Overground"", ""opened"": 2010, ""nightopened"": 2017 }, { ""name"": ""London Overground"", ""closed"": 2007 } ]","{'labelX': 30, 'display_name': 'Canada Water'}",,ZCW,,2,POINT (535482.2867206828 179448.66561502634)
386,910GCHDWLHT,Chadwell Heath,6874,"[ { ""name"": ""TfL Rail"", ""opened"": 2015, ""closed"": 2017 }, { ""name"": ""Crossrail"", ""opened"": 2018 } ]","{'labelX': 1, 'labelY': 45}",,,,5,POINT (547657.3525005793 187599.31058176758)
387,910GCHESHNT,Cheshunt,6814,"[ { ""name"": ""London Overground"", ""opened"": 2015 }, { ""name"": ""National Rail"" }, { ""name"": ""Crossrail 2"", ""opened"": 2030 } ]",{'labelX': 30},,CHN,,8,POINT (536645.9760550472 202306.52669378853)
388,910GCHINGFD,Chingford,6914,"[ { ""name"": ""London Overground"", ""opened"": 2015 } ]",{'labelX': 30},,,,5,POINT (539212.1367532767 194625.59323090204)
389,910GCHSSN,Chessington North,5582,"[ { ""name"": ""National Rail"", ""opened"": 2030 }, { ""name"": ""Crossrail 2"", ""opened"": 2030 } ]","{'labelX': -30, 'labelY': -20}",,CSN,,6,POINT (518402.2305298057 164136.22126460314)
390,910GCHSSS,Chessington South,5554,"[ { ""name"": ""National Rail"", ""opened"": 2030 }, { ""name"": ""Crossrail 2"", ""opened"": 2030 } ]","{'labelX': -30, 'labelY': -20}",,CSS,,6,POINT (517892.44171702524 163319.6306948302)
391,910GCLAPTON,Clapton,6926,"[ { ""name"": ""London Overground"", ""opened"": 2015 } ]",{'labelX': 30},,,,2/3,POINT (534793.2839548248 186542.66287616442)
392,910GCLDNNRB,Caledonian Road & Barnsbury,1439,"[ { ""name"": ""London Overground"", ""opened"": 2007 } ]","{'labelX': 1, 'labelY': 50, 'display_name': 'Caledonian Road\n& Barnsbury'}",,,,2,POINT (530814.0970633649 184429.27267591056)
393,910GCLPHHS,Clapham High Street,5301,"[ { ""name"": ""London Overground"", ""opened"": 2012 }, { ""name"": ""National Rail"" } ]",{'labelX': -30},,,,2,POINT (529828.9295037243 175713.40982205013)
394,910GCLPHMJ1,Clapham Junction,5595,"[ { ""name"": ""London Overground"", ""opened"": 2007 }, { ""name"": ""National Rail"" }, { ""name"": ""Crossrail 2"", ""opened"": 2030 } ]",{'labelX': -30},,,,2,POINT (527082.0173119479 175565.37170485762)
395,910GCMDNRD,Camden Road,1440,"[ { ""name"": ""London Overground"", ""opened"": 2007 } ]","{'labelX': 25, 'labelY': -20}",,,,2,POINT (529121.6094741357 184201.45750954287)
396,910GCNNB,Canonbury,1441,"[ { ""name"": ""London Overground"", ""opened"": 2007, ""nightopened"": 2018 } ]","{'labelX': 1, 'labelY': -35}",,,,2,POINT (532346.0082651628 185033.48757066776)
397,910GCROUCHH,Crouch Hill,7406,"[ { ""name"": ""London Overground"", ""opened"": 2007 } ]","{'labelX': 25, 'labelY': 20, 'display_name': 'Crouch\nHill'}",,,,3,POINT (530581.8328763216 187502.50486069958)
398,910GCRPNDPK,Carpenders Park,1442,"[ { ""name"": ""London Overground"", ""opened"": 2007 } ]",{'labelX': 30},,CPK,,7,POINT (511836.17825598345 193410.80307103804)
399,910GCRYSTLP,Crystal Palace,5356,"[ { ""name"": ""London Overground"", ""opened"": 2010 }, { ""name"": ""National Rail"" } ]",{'labelX': -30},,,,3/4,POINT (534148.6528625049 170532.68892288103)
400,910GCSEAH,Imperial Wharf,9586,"[ { ""name"": ""London Overground"", ""opened"": 2009 }, { ""name"": ""National Rail"" } ]",{'labelX': 30},,,,2,POINT (526277.356437776 176712.24796687625)
401,910GCUSTMHS,Custom House,6964,"[ { ""name"": ""Crossrail"", ""opened"": 2018 } ]","{'labelX': 1, 'labelY': -45, 'display_name': 'Custom\nHouse'}",,,,3,POINT (540731.359622468 180932.2466757825)
402,910GDALS,Dalston Junction,1443,"[ { ""name"": ""London Overground"", ""opened"": 2010, ""nightopened"": 2017 }, { ""name"": ""Crossrail 2"", ""opened"": 2030 } ]","{'labelX': 20, 'labelY': 45, 'display_name': 'Dalston\nJunction'}",,,,2,POINT (533585.8673592935 184782.8053841637)
403,910GDALSKLD,Dalston Kingsland,1429,"[ { ""name"": ""London Overground"", ""opened"": 2007 } ]","{'labelX': 1, 'labelY': -50, 'display_name': 'Dalston\nKingsland'}",,,,2,POINT (533516.4165391345 185007.70052258112)
404,910GDENMRKH,Denmark Hill,5421,"[ { ""name"": ""London Overground"", ""opened"": 2012 }, { ""name"": ""National Rail"" } ]","{'labelX': 25, 'labelY': 20}",,,,2,POINT (532834.7847559555 176086.16473799443)
405,910GEALINGB,Ealing Broadway,3190,"[ { ""name"": ""Crossrail"", ""opened"": 2018 }, { ""name"": ""National Rail"" } ]","{'labelX': -1, 'labelY': -55, 'display_name': 'Ealing\nBroadway'}",,EAL,,3,POINT (517952.06193833845 180930.32080099208)
406,910GEDMNGRN,Edmonton Green,6941,"[ { ""name"": ""London Overground"", ""opened"": 2015 }, { ""name"": ""National Rail"" } ]",{'labelX': 30},,,,4,POINT (534300.8048909911 193574.77823167876)
407,910GEMRSPKH,Emerson Park,7473,"[ { ""name"": ""London Overground"", ""opened"": 2015 } ]",{'labelX': 30},,,,6,POINT (553975.8291801589 187859.34812387323)
408,910GENFLDLK,Enfield Lock,6815,"[ { ""name"": ""National Rail"", ""opened"": 2030 }, { ""name"": ""Crossrail 2"", ""opened"": 2030 } ]",{'labelX': 30},,ENL,,6,POINT (536422.4495591627 198740.38147527573)
409,910GENFLDTN,Enfield Town,6959,"[ { ""name"": ""London Overground"", ""opened"": 2015 } ]",{'labelX': -30},,,,5,POINT (532966.1107307163 196543.9695678011)
410,910GEPSM,Epsom,5360,"[ { ""name"": ""National Rail"", ""opened"": 2030 }, { ""name"": ""Crossrail 2"", ""opened"": 2030 } ]",{'labelX': 30},,EPS,,X,POINT (520717.8354159278 160925.28442107592)
411,910GEUSTON,Euston,1444,"[ { ""name"": ""London Overground"", ""opened"": 2007 }, { ""name"": ""National Rail"" }, { ""name"": ""Crossrail 2"", ""opened"": 2030 } ]",{'labelX': 30},,EUS,,1,POINT (529500.4001957492 182738.58533655482)
412,910GEWELW,Ewell West,5586,"[ { ""name"": ""National Rail"" }, { ""name"": ""Crossrail 2"", ""opened"": 2030 } ]",{'labelX': 30},,EWW,,6,POINT (521473.69783601415 162680.63906137255)
413,910GFNCHLYR,Finchley Road & Frognal,1445,"[ { ""name"": ""London Overground"", ""opened"": 2007 } ]","{'labelX': -1, 'labelY': -35}",,,,2,POINT (526014.3829744963 185018.11048323242)
414,910GFNTLSR,Farringdon,9509,"[ { ""name"": ""Crossrail"", ""opened"": 2018 }, { ""name"": ""National Rail"" } ]","{'labelX': -25, 'labelY': -20, 'display_name': 'Farringdon'}",,ZFD,,1,POINT (531646.0942182877 181790.83109857017)
415,910GFORESTH,Forest Hill,5362,"[ { ""name"": ""London Overground"", ""opened"": 2010 }, { ""name"": ""National Rail"" } ]",{'labelX': 30},,,,3,POINT (535430.9795128239 172995.8066203061)
416,910GFRSTGT,Forest Gate,6876,"[ { ""name"": ""TfL Rail"", ""opened"": 2015, ""closed"": 2017 }, { ""name"": ""Crossrail"", ""opened"": 2018 } ]","{'labelX': 20, 'labelY': 25, 'display_name': 'Forest\xa0Gate'}",,,,3,POINT (540441.6049360964 185347.84036396106)
417,910GFULWELL,Fulwell,5587,"[ { ""name"": ""National Rail"", ""opened"": 2030 }, { ""name"": ""Crossrail 2"", ""opened"": 2030 } ]","{'labelX': -30, 'labelY': -20}",,FLW,,6,POINT (514816.3888556869 171819.2859426454)
418,910GGIDEAPK,Gidea Park,6877,"[ { ""name"": ""TfL Rail"", ""opened"": 2015, ""closed"": 2017 }, { ""name"": ""Crossrail"", ""opened"": 2018 } ]","{'labelX': 25, 'labelY': 35}",,,,6,POINT (552894.1068780966 189276.7159105608)
419,910GGODMAYS,Goodmayes,6878,"[ { ""name"": ""TfL Rail"", ""opened"": 2015, ""closed"": 2017 }, { ""name"": ""Crossrail"", ""opened"": 2018 } ]","{'labelX': -1, 'labelY': -30}",,,,4,POINT (546413.3774434419 187291.9523851656)
420,910GGOSPLOK,Gospel Oak,1409,"[ { ""name"": ""London Overground"", ""opened"": 2007 } ]","{'labelX': 1, 'labelY': -45, 'display_name': 'Gospel\nOak'}",,,,2,POINT (528203.1799824529 185705.7934055492)
421,910GHACKNYC,Hackney Central,6977,"[ { ""name"": ""London Overground"", ""opened"": 2007 } ]","{'labelX': 1, 'labelY': 35}",,,,2,POINT (534802.7859196315 184918.18077083695)
422,910GHACKNYW,Hackney Wick,6978,"[ { ""name"": ""London Overground"", ""opened"": 2007 } ]","{'labelX': -1, 'labelY': 45, 'display_name': 'Hackney\nWick'}",,,,2,POINT (537065.9115970905 184572.62949715974)
423,910GHAGGERS,Haggerston,1022,"[ { ""name"": ""London Overground"", ""opened"": 2010, ""nightopened"": 2017 } ]",{'labelX': 30},,,,2,POINT (533563.2674912701 183980.3141542088)
424,910GHAKNYNM,Hackney Downs,6867,"[ { ""name"": ""London Overground"", ""opened"": 2015 }, { ""name"": ""National Rail"" } ]",{'labelX': 30},,,,2,POINT (534531.0425008993 185134.56828449352)
425,910GHAMPTON,Hampton,5560,"[ { ""name"": ""National Rail"", ""opened"": 2030 }, { ""name"": ""Crossrail 2"", ""opened"": 2030 } ]","{'labelX': 30, 'labelY': 20}",,HMP,,6,POINT (513297.89532277046 169800.42991032836)
426,910GHAMWICK,Hampton Wick,5589,"[ { ""name"": ""National Rail"", ""opened"": 2030 }, { ""name"": ""Crossrail 2"", ""opened"": 2030 } ]","{'labelX': -30, 'labelY': 20}",,HMW,,6,POINT (517460.32652497315 169743.26538804173)
427,910GHANWELL,Hanwell,3191,"[ { ""name"": ""Crossrail"", ""opened"": 2018 }, { ""name"": ""National Rail"" } ]","{'labelX': -1, 'labelY': -35}",,HAN,,4,POINT (515389.2073439015 180517.2387139614)
428,910GHAYESAH,Hayes & Harlington,3186,"[ { ""name"": ""Crossrail"", ""opened"": 2018 }, { ""name"": ""National Rail"" } ]","{'labelX': 1, 'labelY': 55, 'display_name': 'Hayes &\nHarlington'}",,HAY,,5,POINT (509787.8541231901 179409.79559771984)
429,910GHCRT,Hampton Court,5561,"[ { ""name"": ""National Rail"", ""opened"": 2030 }, { ""name"": ""Crossrail 2"", ""opened"": 2030 } ]",{'labelX': 30},,HMC,,6,POINT (515387.8422698331 168297.31168903562)
430,910GHEDSTNL,Headstone Lane,1434,"[ { ""name"": ""London Overground"", ""opened"": 2007 } ]",{'labelX': 30},,,,5,POINT (513911.2960139503 190565.35968814977)
431,910GHGHI,Highbury & Islington,6009,"[ { ""name"": ""London Overground"", ""opened"": 2007, ""nightopened"": 2018 }, { ""name"": ""National Rail"" } ]","{'labelX': 30, 'labelY': 20, 'display_name': 'Highbury &\nIslington'}",,HHY,,2,POINT (531541.7216167527 184768.3234566981)
432,910GHGHMSPK,Highams Park,6919,"[ { ""name"": ""London Overground"", ""opened"": 2015 } ]",{'labelX': 30},,,,4,POINT (538574.9468736735 191903.3545353086)
433,910GHMPSTDH,Hampstead Heath,1413,"[ { ""name"": ""London Overground"", ""opened"": 2007 } ]","{'labelX': 1, 'labelY': -55, 'display_name': 'Hampstead\nHeath'}",,,,2,POINT (527290.5589513705 185634.8148823476)
434,910GHOMRTON,Homerton,6979,"[ { ""name"": ""London Overground"", ""opened"": 2007 } ]","{'labelX': 25, 'labelY': -20}",,,,2,POINT (535829.8466018274 184946.36379078584)
435,910GHONROPK,Honor Oak Park,5418,"[ { ""name"": ""London Overground"", ""opened"": 2010 }, { ""name"": ""National Rail"" } ]",{'labelX': 30},,,,3,POINT (535919.9379702137 174148.14840562246)
436,910GHOXTON,Hoxton,1023,"[ { ""name"": ""London Overground"", ""opened"": 2010, ""nightopened"": 2017 } ]",{'labelX': 30},,,,1/2,POINT (533579.0327392152 183150.65734083095)
437,910GHRGYGL,Harringay Green Lanes,7401,"[ { ""name"": ""London Overground"", ""opened"": 2007 } ]","{'labelX': -30, 'labelY': -30, 'display_name': 'Harringay\nGreen Lanes'}",,,,3,POINT (531907.1848994936 188200.45183522213)
438,910GHRLDWOD,Harold Wood,6879,"[ { ""name"": ""TfL Rail"", ""opened"": 2015, ""closed"": 2017 }, { ""name"": ""Crossrail"", ""opened"": 2018 } ]","{'labelX': 25, 'labelY': 35}",,,,6,POINT (554776.7969421456 190565.48359746224)
439,910GHTCHEND,Hatch End,1398,"[ { ""name"": ""London Overground"", ""opened"": 2007 } ]",{'labelX': 30},,,,6,POINT (513064.05615185515 191330.40365375218)
440,910GILFORD,Ilford,6881,"[ { ""name"": ""TfL Rail"", ""opened"": 2015, ""closed"": 2017 }, { ""name"": ""Crossrail"", ""opened"": 2018 } ]","{'labelX': 1, 'labelY': 30}",,,,4,POINT (543586.6832346942 186492.98928440217)
441,910GIVER,Iver,3170,"[ { ""name"": ""Crossrail"", ""opened"": 2019 }, { ""name"": ""National Rail"" } ]","{'labelX': 1, 'labelY': 40}",,,,X,POINT (503742.2724457341 179914.07876509626)
442,910GKENR,Kensal Rise,1448,"[ { ""name"": ""London Overground"", ""opened"": 2007 } ]","{'labelX': -25, 'labelY': -20}",,,,2,POINT (523541.7680495779 183223.50966490002)
443,910GKGSTON,Kingston,5565,"[ { ""name"": ""National Rail"", ""opened"": 2030 }, { ""name"": ""Crossrail 2"", ""opened"": 2030 } ]","{'labelX': 1, 'labelY': -35}",,KNG,,6,POINT (518196.19296992244 169573.3403709702)
444,910GKLBRNHR,Kilburn High Road,1415,"[ { ""name"": ""London Overground"", ""opened"": 2007 } ]",{'labelX': 30},,,,2,POINT (525525.412078379 183634.644558665)
445,910GKMPTNPK,Kempton Park,5678,"[ { ""name"": ""National Rail"", ""opened"": 2030 }, { ""name"": ""Crossrail 2"", ""opened"": 2030 } ]","{'labelX': -1, 'labelY': -50}",,KMP,,X,POINT (510689.842170715 170308.3601053122)
446,910GKNTSHTW,Kentish Town West,1449,"[ { ""name"": ""London Overground"", ""opened"": 2007 } ]",{'labelX': 30},,,,2,POINT (528601.9284568904 184758.69959036075)
447,910GLANGLEY,Langley,3171,"[ { ""name"": ""Crossrail"", ""opened"": 2019 }, { ""name"": ""National Rail"" } ]","{'labelX': 1, 'labelY': 40}",,,,X,POINT (501338.1249881508 179788.08745212312)
448,910GLEYTNMR,Leyton Midland Road,7402,"[ { ""name"": ""London Overground"", ""opened"": 2007 } ]",{'labelX': -30},,,,3,POINT (538204.8081702853 187510.18502899475)
449,910GLIVST,Liverpool Street,6965,"[ { ""name"": ""London Overground"", ""opened"": 2015 }, { ""name"": ""TfL Rail"", ""opened"": 2015, ""closed"": 2017 }, { ""name"": ""Crossrail"", ""opened"": 2018 }, { ""name"": ""National Rail"" } ]","{'labelX': 1, 'labelY': 45, 'display_name': 'Liverpool Street'}",,LST,,1,POINT (533127.7645573226 181621.3298358134)
450,910GLIVSTLL,Liverpool Street,,"[ { ""name"": ""Crossrail"", ""opened"": 2018 } ]","{'labelX': -1, 'labelY': -45, 'display_name': 'Liverpool Street'}",,,,1,POINT (533127.7645573226 181621.3298358134)
451,910GLONFLDS,London Fields,6966,"[ { ""name"": ""London Overground"", ""opened"": 2015 } ]","{'labelX': 30, 'display_name': 'London\nFields'}",,,,2,POINT (534782.9411729402 184260.47017932287)
452,910GLYTNSHR,Leytonstone High Road,7403,"[ { ""name"": ""London Overground"", ""opened"": 2007 } ]",{'labelX': 30},,,,3,POINT (539260.1319702412 186912.27978643082)
453,910GMALDENM,Malden Manor,5599,"[ { ""name"": ""National Rail"", ""opened"": 2030 }, { ""name"": ""Crossrail 2"", ""opened"": 2030 } ]","{'labelX': -30, 'labelY': -20}",,MAL,,4,POINT (521092.0173058212 166509.63625941303)
454,910GMANRPK,Manor Park,6883,"[ { ""name"": ""TfL Rail"", ""opened"": 2015, ""closed"": 2017 }, { ""name"": ""Crossrail"", ""opened"": 2018 } ]","{'labelX': -1, 'labelY': -45, 'display_name': 'Manor Park'}",,,,3/4,POINT (541934.2641377734 185711.94884221425)
455,910GMDNHEAD,Maidenhead,3147,"[ { ""name"": ""Crossrail"", ""opened"": 2019 }, { ""name"": ""National Rail"" } ]","{'labelX': 1, 'labelY': 40}",,,,X,POINT (488718.94275090395 180706.2039612687)
456,910GMOTSPRP,Motspur Park,5645,"[ { ""name"": ""National Rail"", ""opened"": 2030 }, { ""name"": ""Crossrail 2"", ""opened"": 2030 } ]",{'labelX': 30},,MOT,,4,POINT (522569.7111891771 167671.5175528002)
457,910GMRYLAND,Maryland,6970,"[ { ""name"": ""TfL Rail"", ""opened"": 2015, ""closed"": 2017 }, { ""name"": ""Crossrail"", ""opened"": 2018 } ]","{'labelX': -1, 'labelY': -30}",,,,3,POINT (539211.2342487001 184941.0316296104)
458,910GNEWMLDN,New Malden,5567,"[ { ""name"": ""National Rail"", ""opened"": 2030 }, { ""name"": ""Crossrail 2"", ""opened"": 2030 } ]","{'labelX': 1, 'labelY': 45}",,NEM,,4,POINT (521422.84336890036 168655.51624687848)
459,910GNEWSGAT,New Southgate,6019,"[ { ""name"": ""National Rail"", ""opened"": 2030 }, { ""name"": ""Crossrail 2"", ""opened"": 2030 } ]",{'labelX': 30},,NSG,,4,POINT (528666.8975238542 192215.54251051415)
460,910GNEWXGTE,New Cross Gate,5345,"[ { ""name"": ""London Overground"", ""opened"": 2010, ""nightopened"": 2017 }, { ""name"": ""London Overground"", ""closed"": 2007 }, { ""name"": ""National Rail"" } ]","{'labelX': -25, 'labelY': -20}",910GNEWXGEL,175,,2,POINT (536198.253408121 176984.30155938375)
461,910GNMBRLPK,Northumberland Park,6971,"[ { ""name"": ""National Rail"", ""opened"": 2030 }, { ""name"": ""Crossrail 2"", ""opened"": 2030 } ]",{'labelX': 30},,NUM,,3,POINT (534883.7526212306 191070.58716855315)
462,910GNORWDJ,Norwood Junction,5376,"[ { ""name"": ""London Overground"", ""opened"": 2010 }, { ""name"": ""National Rail"" } ]",{'labelX': -30},,,,4,POINT (534041.1149306712 168216.21879320836)
463,910GNRBITON,Norbiton,5568,"[ { ""name"": ""National Rail"", ""opened"": 2030 }, { ""name"": ""Crossrail 2"", ""opened"": 2030 } ]","{'labelX': 30, 'labelY': -20}",,NBT,,5,POINT (519428.91389229085 169537.47421197157)
464,910GNWCRELL,New Cross,5150,"[ { ""name"": ""London Overground"", ""opened"": 2010 }, { ""name"": ""London Overground"", ""closed"": 2007 }, { ""name"": ""National Rail"" } ]","{'labelX': 1, 'labelY': -35}",,NWX,,2,POINT (536745.0635477547 177132.3157221449)
465,910GPADTLL,Paddington,,"[ { ""name"": ""Crossrail"", ""opened"": 2018 } ]","{'labelX': -25, 'labelY': 20, 'display_name': 'Paddington'}",,,,1,POINT (526613.276241579 181324.67537508765)
466,910GPADTON,Paddington,308700,"[ { ""name"": ""Crossrail"", ""opened"": 2018, ""closed"": 2018 }, { ""name"": ""National Rail"" } ]","{'labelX': -25, 'labelY': 20, 'display_name': 'Paddington'}",,PAD,,1,POINT (526613.276241579 181324.67537508765)
467,910GPCKHMQD,Queens Road Peckham,5424,"[ { ""name"": ""London Overground"", ""opened"": 2012 }, { ""name"": ""National Rail"" } ]",{'labelX': -30},,,,2,POINT (535040.8717408238 176800.83457760728)
468,910GPCKHMRY,Peckham Rye,5423,"[ { ""name"": ""London Overground"", ""opened"": 2012 }, { ""name"": ""National Rail"" } ]","{'labelX': 25, 'labelY': 20}",,,,2,POINT (534124.2010809451 176263.3945222976)
469,910GPENEW,Penge West,5378,"[ { ""name"": ""London Overground"", ""opened"": 2010 }, { ""name"": ""National Rail"" } ]",{'labelX': 30},,,,4,POINT (534954.3722489256 170501.93786412705)
470,910GPNDRSEN,Ponders End,6819,"[ { ""name"": ""National Rail"", ""opened"": 2030 }, { ""name"": ""Crossrail 2"", ""opened"": 2030 } ]",{'labelX': 30},,PON,,5,POINT (536078.8255514344 195618.47067437076)
471,910GRAYNSPK,Raynes Park,5569,"[ { ""name"": ""National Rail"", ""opened"": 2030 }, { ""name"": ""Crossrail 2"", ""opened"": 2030 } ]","{'labelX': 30, 'labelY': 20}",,RAY,,4,POINT (523164.14467714576 169258.0409550487)
472,910GRCTRYRD,Rectory Road,6967,"[ { ""name"": ""London Overground"", ""opened"": 2015 } ]","{'labelX': -30, 'display_name': 'Rectory\nRoad'}",,,,2,POINT (533997.2802964149 186185.00534536625)
473,910GRDNGSTN,Reading,3149,"[ { ""name"": ""Crossrail"", ""opened"": 2019 }, { ""name"": ""National Rail"" } ]",{'labelX': -30},,RDG,,X,POINT (471454.2988565956 173862.73877521494)
474,910GROMFORD,Romford,6886,"[ { ""name"": ""London Overground"", ""opened"": 2015 }, { ""name"": ""TfL Rail"", ""opened"": 2015, ""closed"": 2017 }, { ""name"": ""Crossrail"", ""opened"": 2018 }, { ""name"": ""National Rail"" } ]","{'labelX': -20, 'labelY': -25}",,,,6,POINT (551401.1848790161 188485.60558990634)
475,910GRTHERHI,Rotherhithe,1039,"[ { ""name"": ""London Overground"", ""opened"": 2010, ""nightopened"": 2017 }, { ""name"": ""London Overground"", ""closed"": 2007 } ]",{'labelX': 30},,216,,2,POINT (535299.2965775388 179808.6938570963)
476,910GSACTON,South Acton,1452,"[ { ""name"": ""London Overground"", ""opened"": 2007 } ]","{'labelX': 30, 'display_name': 'South\nActon'}",,,,3,POINT (520174.525898681 179266.70638363523)
477,910GSBURY,Southbury,6947,"[ { ""name"": ""London Overground"", ""opened"": 2015 } ]",{'labelX': 30},,,,5,POINT (534833.6348221744 196224.64959088736)
478,910GSEVNSIS,Seven Sisters,6931,"[ { ""name"": ""London Overground"", ""opened"": 2015 }, { ""name"": ""Crossrail 2"", ""opened"": 2030 } ]","{'labelX': -30, 'display_name': 'Seven Sisters'}",,,,3,POINT (533554.9105144802 188928.82315681523)
479,910GSHADWEL,Shadwell,1082,"[ { ""name"": ""London Overground"", ""opened"": 2010, ""nightopened"": 2017 }, { ""name"": ""London Overground"", ""closed"": 2007 } ]","{'labelX': 30, 'display_name': 'Shadwell'}",,SDE,,2,POINT (534961.9932026706 180967.72058215356)
480,910GSHENFLD,Shenfield,6888,"[ { ""name"": ""TfL Rail"", ""opened"": 2015, ""closed"": 2017 }, { ""name"": ""Crossrail"", ""opened"": 2018 }, { ""name"": ""National Rail"" } ]",{'labelX': 30},,SNF,,12,POINT (561400.3766392565 195053.06353554403)
481,910GSHEPRTN,Shepperton,5605,"[ { ""name"": ""National Rail"", ""opened"": 2030 }, { ""name"": ""Crossrail 2"", ""opened"": 2030 } ]",{'labelX': -30},,SHP,,X,POINT (508129.49299421697 167572.66031498875)
482,910GSHMPSTD,South Hampstead,1451,"[ { ""name"": ""London Overground"", ""opened"": 2007 } ]","{'labelX': -25, 'labelY': -20}",,,,2,POINT (526393.9389624564 184065.1971858694)
483,910GSHRDHST,Shoreditch High Street,1024,"[ { ""name"": ""London Overground"", ""opened"": 2010, ""nightopened"": 2017 } ]","{'labelX': 25, 'labelY': 30, 'display_name': 'Shoreditch\nHigh St'}",,,,1,POINT (533572.0213932609 182240.0808413286)
484,910GSIVRST,Silver Street,6972,"[ { ""name"": ""London Overground"", ""opened"": 2015 } ]",{'labelX': 30},,,,4,POINT (533917.9797730136 192439.39319487364)
485,910GSLOUGH,Slough,3172,"[ { ""name"": ""Crossrail"", ""opened"": 2019 }, { ""name"": ""National Rail"" } ]","{'labelX': -1, 'labelY': 40}",,,,X,POINT (497777.0498545637 180210.16298601707)
486,910GSTFD,Stratford,6969,"[ { ""name"": ""London Overground"", ""opened"": 2007 }, { ""name"": ""TfL Rail"", ""opened"": 2015, ""closed"": 2017 }, { ""name"": ""Crossrail"", ""opened"": 2018 }, { ""name"": ""National Rail"" } ]","{'labelX': 20, 'labelY': 25, 'display_name': 'Stratford'}",,SRA,,2/3,POINT (538524.7855297637 184373.34100822936)
487,910GSTFDLL,Stratford,6960,"[ { ""name"": ""DLR"", ""opened"": 2011 } ]","{'labelX': 30, 'display_name': 'Stratford'}",,,,2/3,POINT (538524.7855297637 184373.34100822936)
488,910GSTHALL,Southall,3187,"[ { ""name"": ""Crossrail"", ""opened"": 2018 }, { ""name"": ""National Rail"" } ]","{'labelX': 1, 'labelY': 35}",,STL,,4,POINT (512708.05121304933 179831.96354417177)
489,910GSTJMSST,St James Street,6973,"[ { ""name"": ""London Overground"", ""opened"": 2015 } ]",{'labelX': -30},,,,3,POINT (536400.5225096197 188735.36644858355)
490,910GSTKNWNG,Stoke Newington,6934,"[ { ""name"": ""London Overground"", ""opened"": 2015 } ]","{'labelX': -30, 'display_name': 'Stoke\nNewington'}",,,,2,POINT (533682.4732778249 186891.75760957814)
491,910GSTLEIGH,Stoneleigh,5606,"[ { ""name"": ""National Rail"", ""opened"": 2030 }, { ""name"": ""Crossrail 2"", ""opened"": 2030 } ]",{'labelX': 30},,SNL,,5,POINT (522035.8682857951 164143.82195032795)
492,910GSTMFDHL,Stamford Hill,6968,"[ { ""name"": ""London Overground"", ""opened"": 2015 } ]","{'labelX': 30, 'display_name': 'Stamford\nHill'}",,,,3,POINT (533380.1225254077 187926.88745416288)
493,910GSTOTNHM,South Tottenham,7404,"[ { ""name"": ""London Overground"", ""opened"": 2007 } ]","{'labelX': 25, 'labelY': 20}",,,,3,POINT (533708.8308886442 188610.82065394864)
494,910GSUNBURY,Sunbury,5608,"[ { ""name"": ""National Rail"", ""opened"": 2030 }, { ""name"": ""Crossrail 2"", ""opened"": 2030 } ]","{'labelX': 1, 'labelY': 40}",,SUU,,X,POINT (510147.7676378477 169995.11638349458)
495,910GSURBITN,Surbiton,5571,"[ { ""name"": ""National Rail"", ""opened"": 2030 }, { ""name"": ""Crossrail 2"", ""opened"": 2030 } ]","{'labelX': 30, 'labelY': 20}",,SUR,,6,POINT (518098.6038842402 167295.74071941787)
496,910GSURREYQ,Surrey Quays,1083,"[ { ""name"": ""London Overground"", ""opened"": 2010, ""nightopened"": 2017 }, { ""name"": ""London Overground"", ""closed"": 2007 } ]",{'labelX': 30},,253,,2,POINT (535634.5288301795 178955.6311424601)
497,910GSVNKNGS,Seven Kings,6893,"[ { ""name"": ""TfL Rail"", ""opened"": 2015, ""closed"": 2017 }, { ""name"": ""Crossrail"", ""opened"": 2018 } ]","{'labelX': 1, 'labelY': 45}",,,,4,POINT (545455.5744011207 187082.23912873154)
498,910GSYDENHM,Sydenham,5437,"[ { ""name"": ""London Overground"", ""opened"": 2010 }, { ""name"": ""National Rail"" } ]",{'labelX': 30},,,,3,POINT (535361.8966471996 171603.27076420374)
499,910GTAPLOW,Taplow,3151,"[ { ""name"": ""Crossrail"", ""opened"": 2019 }, { ""name"": ""National Rail"" } ]","{'labelX': 1, 'labelY': 40}",,,,X,POINT (491558.51472478727 181328.52282505913)
500,910GTDITTON,Thames Ditton,5610,"[ { ""name"": ""National Rail"", ""opened"": 2030 }, { ""name"": ""Crossrail 2"", ""opened"": 2030 } ]",{'labelX': 30},,THD,,6,POINT (515660.23868832376 166866.075889203)
501,910GTEDNGTN,Teddington,5572,"[ { ""name"": ""National Rail"", ""opened"": 2030 }, { ""name"": ""Crossrail 2"", ""opened"": 2030 } ]","{'labelX': 30, 'labelY': -20}",,TED,,6,POINT (516029.1953011509 170813.11963099428)
502,910GTHBLDSG,Theobalds Grove,6949,"[ { ""name"": ""London Overground"", ""opened"": 2015 } ]",{'labelX': 30},,TEO,,7,POINT (535871.6479460497 201076.2904660593)
503,910GTOLWTH,Tolworth,5573,"[ { ""name"": ""National Rail"", ""opened"": 2030 }, { ""name"": ""Crossrail 2"", ""opened"": 2030 } ]","{'labelX': -30, 'labelY': -20}",,TOL,,5,POINT (519847.13178476284 165607.43973706022)
504,910GTOTCTRD,Tottenham Court Road,,"[ { ""name"": ""Crossrail"", ""opened"": 2018 }, { ""name"": ""Crossrail 2"", ""opened"": 2030 } ]","{'labelX': 20, 'labelY': 40, 'display_name': 'Tottenham Court Rd'}",,-930,,1,POINT (529781.482196094 181328.93924161003)
505,910GTURKYST,Turkey Street,6952,"[ { ""name"": ""London Overground"", ""opened"": 2015 } ]",{'labelX': 30},,,,6,POINT (535129.2212467302 198904.07473988447)
506,910GTWYFORD,Twyford,3155,"[ { ""name"": ""Crossrail"", ""opened"": 2019 }, { ""name"": ""National Rail"" } ]","{'labelX': 1, 'labelY': 40}",,,,X,POINT (479011.70613963134 175740.77787042875)
507,910GUHALIFD,Upper Halliford,5613,"[ { ""name"": ""National Rail"", ""opened"": 2030 }, { ""name"": ""Crossrail 2"", ""opened"": 2030 } ]",{'labelX': -30},,UPH,,X,POINT (509226.7058820551 169411.2381341316)
508,910GUPRHLWY,Upper Holloway,1524,"[ { ""name"": ""London Overground"", ""opened"": 2007 } ]","{'labelX': 25, 'labelY': 20, 'display_name': 'Upper\nHolloway'}",,,,2,POINT (529751.9291725885 186629.58845365857)
509,910GWALHAMX,Waltham Cross,6823,"[ { ""name"": ""National Rail"", ""opened"": 2030 }, { ""name"": ""Crossrail 2"", ""opened"": 2030 } ]",{'labelX': 30},,WLC,,7,POINT (536529.3901828539 200339.1115887736)
510,910GWAPPING,Wapping,1085,"[ { ""name"": ""London Overground"", ""opened"": 2010, ""nightopened"": 2017 }, { ""name"": ""London Overground"", ""closed"": 2007 } ]",{'labelX': 30},,276,,2,POINT (535027.3536880948 180167.9114087287)
511,910GWATFDHS,Watford High Street,1455,"[ { ""name"": ""London Overground"", ""opened"": 2007 }, { ""name"": ""Metropolitan"", ""opened"": 9999 } ]",{'labelX': 30},,WFH,,8,POINT (511328.8442147365 196058.63789715263)
512,910GWATFDJ,Watford Junction,1402,"[ { ""name"": ""London Overground"", ""opened"": 2007 }, { ""name"": ""National Rail"" }, { ""name"": ""Metropolitan"", ""opened"": 9999 } ]",{'labelX': 30},,WFJ,,10,POINT (511038.2907762516 197293.18490776775)
513,910GWCHAPEL,Whitechapel,5150,"[ { ""name"": ""London Overground"", ""opened"": 2010 }, { ""name"": ""Crossrail"", ""opened"": 2018 } ]","{'labelX': 25, 'labelY': -25, 'display_name': 'Whitechapel'}",,ZLW,,2,POINT (534617.3426706117 181907.24700468776)
514,910GWCROYDN,West Croydon,5411,"[ { ""name"": ""London Overground"", ""opened"": 2010 }, { ""name"": ""National Rail"" } ]",{'labelX': -30},,WCY,,5,POINT (532192.0297938809 166118.38890373264)
515,910GWDGRNPK,Woodgrange Park,7467,"[ { ""name"": ""London Overground"", ""opened"": 2007 } ]",{'labelX': 30},,,,3/4,POINT (541858.9632787439 185346.50997772795)
516,910GWDRYTON,West Drayton,3174,"[ { ""name"": ""Crossrail"", ""opened"": 2019 }, { ""name"": ""National Rail"" } ]","{'labelX': 1, 'labelY': 55, 'display_name': 'West\nDrayton'}",,,,6,POINT (506143.94259835815 180093.761380816)
517,910GWDST,Wood Street,6954,"[ { ""name"": ""London Overground"", ""opened"": 2015 } ]",{'labelX': 30},,,,4,POINT (538493.9656610423 189421.03757035028)
518,910GWEALING,West Ealing,3188,"[ { ""name"": ""Crossrail"", ""opened"": 2018 }, { ""name"": ""National Rail"" } ]","{'labelX': 1, 'labelY': 50, 'display_name': 'West\nEaling'}",,WEA,,3,POINT (516642.4304204288 180735.4917127915)
519,910GWHHRTLA,White Hart Lane,6956,"[ { ""name"": ""London Overground"", ""opened"": 2015 } ]",{'labelX': 30},,,,3,POINT (533689.1656303616 191278.15225926525)
520,910GWHMDSTD,West Hampstead,1421,"[ { ""name"": ""London Overground"", ""opened"": 2007 } ]","{'labelX': -1, 'labelY': -35}",,,,2,POINT (525505.0892877429 184681.498460268)
521,910GWLTWCEN,Walthamstow Central,6953,"[ { ""name"": ""London Overground"", ""opened"": 2015 } ]","{'labelX': 1, 'labelY': -45, 'display_name': 'Walthamstow Central'}",,WHC,,3,POINT (537276.8707071007 189029.94132441707)
522,910GWLTHQRD,Walthamstow Queens Road,7407,"[ { ""name"": ""London Overground"", ""opened"": 2007 } ]","{'labelX': 25, 'labelY': 20}",,,,3,POINT (537030.3394359371 188811.65556932014)
523,910GWNDSWRD,Wandsworth Road,5372,"[ { ""name"": ""London Overground"", ""opened"": 2012 }, { ""name"": ""National Rail"" } ]",{'labelX': 30},,,,2,POINT (529415.1285559151 176167.4706933733)
524,910GWNSTDPK,Wanstead Park,7408,"[ { ""name"": ""London Overground"", ""opened"": 2007 } ]","{'labelX': 1, 'labelY': -45}",,,,3,POINT (540588.3472791316 185591.20351634442)
525,910GWOLWXR,Woolwich,,"[ { ""name"": ""Crossrail"", ""opened"": 2018 } ]","{'labelX': 25, 'labelY': -20}",,,,4,POINT (543860.2649554885 179015.53554956656)
526,910GWRCSTRP,Worcester Park,5579,"[ { ""name"": ""National Rail"", ""opened"": 2030 }, { ""name"": ""Crossrail 2"", ""opened"": 2030 } ]",{'labelX': 30},,WCP,,4,POINT (522234.05367614963 166165.81824327802)
527,910G950,Canary Wharf,,"[ { ""name"": ""Crossrail"", ""opened"": 2018 } ]",{'labelX': 30},,,,2,POINT (537586.6947649193 180311.85419390618)
528,910G981,King's Road Chelsea,,"[ { ""name"": ""Crossrail 2"", ""opened"": 2030 } ]","{'labelX': 1, 'labelY': 45}",,,,1,POINT (527360.8010607759 178192.78683841845)
